"2018年2月",,,,,,
"編號","地震時間","經度","緯度","規模","深度","位置"
"小區域有感地震","2018-02-28 12:09:49",121.81,24.2,3.6,8.3,"花蓮縣政府東北方  29.8  公里 (位於臺灣東部海域)(臺灣東部海域)"
"小區域有感地震","2018-02-27 23:35:41",121.5,23.38,3.7,31.3,"花蓮縣政府南偏西方  68.7  公里 (位於臺東縣近海)(臺東縣近海)"
"小區域有感地震","2018-02-26 22:10:38",121.6,23.96,3.5,7.1,"花蓮縣政府西南方  3.8  公里 (位於花蓮縣吉安鄉)(花蓮縣吉安鄉)"
"小區域有感地震","2018-02-26 14:56:09",121.67,23.39,4.1,28.7,"花蓮縣政府南方  67.2  公里 (位於臺灣東部海域)(臺灣東部海域)"
"小區域有感地震","2018-02-26 05:16:07",121.82,24.24,3.2,10.6,"花蓮縣政府東北方  34.3  公里 (位於臺灣東部海域)(臺灣東部海域)"
69,"2018-02-26 02:28:40",121.9,24.43,5.4,22.1,"宜蘭縣政府南偏東方  35.8  公里 (位於臺灣東部海域)(臺灣東部海域)"
"小區域有感地震","2018-02-26 01:27:50",121.58,23.89,2.8,7.9,"花蓮縣政府南偏西方  11.8  公里 (位於花蓮縣壽豐鄉)(花蓮縣壽豐鄉)"
"小區域有感地震","2018-02-25 18:46:12",121.75,24.27,3.1,8.9,"花蓮縣政府北偏東方  33.6  公里 (位於花蓮縣近海)(花蓮縣近海)"
"小區域有感地震","2018-02-25 10:18:03",121.63,24,3.3,7,"花蓮縣政府東北方  1.9  公里 (位於花蓮縣花蓮市)(花蓮縣花蓮市)"
"小區域有感地震","2018-02-25 10:03:34",121.57,23.83,3.6,22,"花蓮縣政府南偏西方  18.6  公里 (位於花蓮縣壽豐鄉)(花蓮縣壽豐鄉)"
"小區域有感地震","2018-02-25 07:57:53",121.56,24.18,2.8,23.1,"花蓮縣政府北偏西方  21.9  公里 (位於花蓮縣秀林鄉)(花蓮縣秀林鄉)"
68,"2018-02-25 04:07:46",121.71,24.2,3.6,7.8,"花蓮縣政府北偏東方  24.9  公里 (位於花蓮縣近海)(花蓮縣近海)"
"小區域有感地震","2018-02-25 03:56:05",121.8,24.79,4.3,77.3,"宜蘭縣政府東北方  7.5  公里 (位於宜蘭縣壯圍鄉)(宜蘭縣壯圍鄉)"
"小區域有感地震","2018-02-25 00:52:49",121.59,24,2.2,6.3,"花蓮縣政府西偏北方  3.4  公里 (位於花蓮縣花蓮市)(花蓮縣花蓮市)"
"小區域有感地震","2018-02-23 13:25:59",120.15,23.14,2.7,14.9,"臺南市政府北偏西方  17.3  公里 (位於臺南市佳里區)(臺南市佳里區)"
"小區域有感地震","2018-02-22 21:18:07",121.81,24.03,3.5,49,"花蓮縣政府東偏北方  19.7  公里 (位於臺灣東部海域)(臺灣東部海域)"
67,"2018-02-22 07:10:41",121.53,23.41,5.6,35.6,"花蓮縣政府南方  64.6  公里 (位於臺東縣近海)(臺東縣近海)"
"小區域有感地震","2018-02-22 04:13:19",121.76,24.25,3.1,9.4,"花蓮縣政府北偏東方  32.1  公里 (位於花蓮縣近海)(花蓮縣近海)"
"小區域有感地震","2018-02-21 16:07:32",121.6,24.07,2.8,8.1,"花蓮縣政府北偏西方  9.4  公里 (位於花蓮縣秀林鄉)(花蓮縣秀林鄉)"
"小區域有感地震","2018-02-21 13:22:59",120.78,23.29,4,14.6,"嘉義市政府東偏南方  39.4  公里 (位於高雄市桃源區)(高雄市桃源區)"
"小區域有感地震","2018-02-21 08:01:18",121.6,24.07,3,8.1,"花蓮縣政府北偏西方  9.4  公里 (位於花蓮縣秀林鄉)(花蓮縣秀林鄉)"
"小區域有感地震","2018-02-21 04:23:46",121.56,23.9,2.6,8.8,"花蓮縣政府南偏西方  11.9  公里 (位於花蓮縣壽豐鄉)(花蓮縣壽豐鄉)"
"小區域有感地震","2018-02-20 22:14:51",121.6,24.07,3.4,8.6,"花蓮縣政府北偏西方  9.4  公里 (位於花蓮縣秀林鄉)(花蓮縣秀林鄉)"
"小區域有感地震","2018-02-20 14:38:41",120.8,23.99,3.2,26.5,"南投縣政府東北方  14.5  公里 (位於南投縣草屯鎮)(南投縣草屯鎮)"
"小區域有感地震","2018-02-20 13:09:13",121,22.98,3.6,7,"臺東縣政府西北方  29.3  公里 (位於臺東縣延平鄉)(臺東縣延平鄉)"
"小區域有感地震","2018-02-20 08:00:20",121.7,24.13,3.3,10.5,"花蓮縣政府北偏東方  17.8  公里 (位於花蓮縣近海)(花蓮縣近海)"
"小區域有感地震","2018-02-20 06:58:57",121.71,24.13,3.2,9.2,"花蓮縣政府北偏東方  18.1  公里 (位於花蓮縣近海)(花蓮縣近海)"
66,"2018-02-19 22:47:01",121.61,24.59,5.5,52.7,"宜蘭縣政府西南方  21.9  公里 (位於宜蘭縣大同鄉)(宜蘭縣大同鄉)"
"小區域有感地震","2018-02-19 16:27:30",121.1,23.86,3.2,26.8,"南投縣政府東方  42.2  公里 (位於南投縣仁愛鄉)(南投縣仁愛鄉)"
65,"2018-02-19 03:21:49",121.1,23.86,4.6,27.5,"南投縣政府東方  41.8  公里 (位於南投縣仁愛鄉)(南投縣仁愛鄉)"
"小區域有感地震","2018-02-18 05:10:49",121.51,23.88,2.5,10.7,"花蓮縣政府西南方  16.4  公里 (位於花蓮縣壽豐鄉)(花蓮縣壽豐鄉)"
"小區域有感地震","2018-02-18 04:56:45",121.77,24.23,3.1,15.7,"花蓮縣政府北偏東方  30.8  公里 (位於花蓮縣近海)(花蓮縣近海)"
"小區域有感地震","2018-02-18 00:15:36",121.59,23.99,2.2,7.8,"花蓮縣政府西方  3.1  公里 (位於花蓮縣吉安鄉)(花蓮縣吉安鄉)"
"小區域有感地震","2018-02-17 17:06:36",121.32,22.63,4.5,20.4,"臺東縣政府東南方  22.0  公里 (位於臺灣東部海域)(臺灣東部海域)"
"小區域有感地震","2018-02-17 07:44:48",121.59,23.97,2.5,6.9,"花蓮縣政府西南方  3.8  公里 (位於花蓮縣吉安鄉)(花蓮縣吉安鄉)"
"小區域有感地震","2018-02-17 03:48:01",121.77,24.18,3.8,14.4,"花蓮縣政府東北方  26.3  公里 (位於臺灣東部海域)(臺灣東部海域)"
"小區域有感地震","2018-02-16 18:49:05",121.77,24.23,3.3,15.8,"花蓮縣政府北偏東方  30.9  公里 (位於花蓮縣近海)(花蓮縣近海)"
"小區域有感地震","2018-02-16 15:49:39",121.56,23.91,3.5,9.1,"花蓮縣政府西南方  10.8  公里 (位於花蓮縣壽豐鄉)(花蓮縣壽豐鄉)"
"小區域有感地震","2018-02-16 14:12:39",121.62,24.02,3,7.3,"花蓮縣政府北方  3.6  公里 (位於花蓮縣花蓮市)(花蓮縣花蓮市)"
"小區域有感地震","2018-02-16 09:48:46",121.58,23.97,2.4,6.6,"花蓮縣政府西偏南方  4.5  公里 (位於花蓮縣吉安鄉)(花蓮縣吉安鄉)"
"小區域有感地震","2018-02-16 07:34:56",121.71,24.21,4,8.6,"花蓮縣政府北偏東方  25.3  公里 (位於花蓮縣近海)(花蓮縣近海)"
64,"2018-02-16 00:55:52",121.8,24.27,2.9,11.9,"花蓮縣政府北偏東方  36.3  公里 (位於花蓮縣近海)(花蓮縣近海)"
"小區域有感地震","2018-02-16 00:51:25",121.8,24.28,3,11.9,"花蓮縣政府北偏東方  36.4  公里 (位於花蓮縣近海)(花蓮縣近海)"
"小區域有感地震","2018-02-15 15:12:07",121.47,23.94,3.1,19.6,"花蓮縣政府西偏南方  16.1  公里 (位於花蓮縣秀林鄉)(花蓮縣秀林鄉)"
"小區域有感地震","2018-02-15 12:17:06",121.69,24.15,3.2,10.8,"花蓮縣政府北偏東方  18.8  公里 (位於花蓮縣近海)(花蓮縣近海)"
"小區域有感地震","2018-02-15 06:40:36",121.77,24.17,3.1,14.4,"花蓮縣政府東北方  25.4  公里 (位於臺灣東部海域)(臺灣東部海域)"
"小區域有感地震","2018-02-15 04:36:16",121.78,24.17,3.8,14.7,"花蓮縣政府東北方  25.8  公里 (位於臺灣東部海域)(臺灣東部海域)"
"小區域有感地震","2018-02-15 03:08:50",121.75,24.24,2.9,9.8,"花蓮縣政府北偏東方  30.7  公里 (位於花蓮縣近海)(花蓮縣近海)"
"小區域有感地震","2018-02-15 02:27:32",121.81,24.18,4.3,7.7,"花蓮縣政府東北方  28.5  公里 (位於臺灣東部海域)(臺灣東部海域)"
"小區域有感地震","2018-02-15 01:32:04",121.6,23.98,2.7,5.7,"花蓮縣政府西南方  2.3  公里 (位於花蓮縣花蓮市)(花蓮縣花蓮市)"
"小區域有感地震","2018-02-14 13:54:28",121.58,23.92,3.4,6.3,"花蓮縣政府南偏西方  8.7  公里 (位於花蓮縣吉安鄉)(花蓮縣吉安鄉)"
"小區域有感地震","2018-02-14 08:32:22",121.57,23.9,2.6,9.8,"花蓮縣政府南偏西方  11.6  公里 (位於花蓮縣壽豐鄉)(花蓮縣壽豐鄉)"
"小區域有感地震","2018-02-14 08:24:51",121.56,23.9,3.2,9.1,"花蓮縣政府西南方  12.2  公里 (位於花蓮縣壽豐鄉)(花蓮縣壽豐鄉)"
63,"2018-02-14 08:21:46",121.57,23.89,4.2,9.5,"花蓮縣政府南偏西方  12.4  公里 (位於花蓮縣壽豐鄉)(花蓮縣壽豐鄉)"
"小區域有感地震","2018-02-14 08:17:18",121.57,23.89,3.6,10.9,"花蓮縣政府南偏西方  12.1  公里 (位於花蓮縣壽豐鄉)(花蓮縣壽豐鄉)"
62,"2018-02-14 08:16:44",121.56,23.89,3.7,9.2,"花蓮縣政府南偏西方  12.8  公里 (位於花蓮縣壽豐鄉)(花蓮縣壽豐鄉)"
"小區域有感地震","2018-02-14 07:56:05",121.68,24.14,2.9,13.2,"花蓮縣政府北偏東方  17.9  公里 (位於花蓮縣近海)(花蓮縣近海)"
"小區域有感地震","2018-02-13 22:41:23",121.56,23.9,2.8,8.5,"花蓮縣政府南偏西方  12.0  公里 (位於花蓮縣壽豐鄉)(花蓮縣壽豐鄉)"
"小區域有感地震","2018-02-13 13:37:32",121.69,24.1,2.9,10.1,"花蓮縣政府北偏東方  14.2  公里 (位於花蓮縣近海)(花蓮縣近海)"
"小區域有感地震","2018-02-13 10:57:21",121.57,23.9,3.3,8.1,"花蓮縣政府南偏西方  11.7  公里 (位於花蓮縣壽豐鄉)(花蓮縣壽豐鄉)"
"小區域有感地震","2018-02-13 10:51:13",121.58,23.92,2.8,11.7,"花蓮縣政府南偏西方  8.5  公里 (位於花蓮縣吉安鄉)(花蓮縣吉安鄉)"
"小區域有感地震","2018-02-13 09:27:38",121.63,24.04,3.3,7.8,"花蓮縣政府北偏東方  6.0  公里 (位於花蓮縣近海)(花蓮縣近海)"
"小區域有感地震","2018-02-13 09:24:50",121.59,23.91,2.6,11.9,"花蓮縣政府南偏西方  9.4  公里 (位於花蓮縣壽豐鄉)(花蓮縣壽豐鄉)"
"小區域有感地震","2018-02-13 09:13:57",121.59,23.94,2.2,9.4,"花蓮縣政府南偏西方  6.6  公里 (位於花蓮縣吉安鄉)(花蓮縣吉安鄉)"
61,"2018-02-13 08:03:51",121.58,23.93,3.6,8.6,"花蓮縣政府西南方  7.6  公里 (位於花蓮縣吉安鄉)(花蓮縣吉安鄉)"
"小區域有感地震","2018-02-13 04:19:19",121.57,23.93,2.7,9.3,"花蓮縣政府西南方  8.5  公里 (位於花蓮縣吉安鄉)(花蓮縣吉安鄉)"
"小區域有感地震","2018-02-13 04:01:58",121.57,23.93,2.9,9.6,"花蓮縣政府西南方  8.7  公里 (位於花蓮縣吉安鄉)(花蓮縣吉安鄉)"
"小區域有感地震","2018-02-13 03:20:34",121.61,24.32,3.3,26.2,"花蓮縣政府北方  36.6  公里 (位於花蓮縣秀林鄉)(花蓮縣秀林鄉)"
"小區域有感地震","2018-02-13 00:32:16",121.75,24.22,3.1,17.3,"花蓮縣政府北偏東方  28.4  公里 (位於花蓮縣近海)(花蓮縣近海)"
"小區域有感地震","2018-02-13 00:00:31",121.57,24.03,3,6.9,"花蓮縣政府西北方  6.6  公里 (位於花蓮縣秀林鄉)(花蓮縣秀林鄉)"
"小區域有感地震","2018-02-12 21:59:26",121.56,23.89,3.1,9.6,"花蓮縣政府南偏西方  12.5  公里 (位於花蓮縣壽豐鄉)(花蓮縣壽豐鄉)"
"小區域有感地震","2018-02-12 20:43:40",121.58,24,2.3,4.2,"花蓮縣政府西方  4.1  公里 (位於花蓮縣花蓮市)(花蓮縣花蓮市)"
"小區域有感地震","2018-02-12 19:28:14",121.73,24.22,3.7,11.2,"花蓮縣政府北偏東方  27.3  公里 (位於花蓮縣近海)(花蓮縣近海)"
"小區域有感地震","2018-02-12 18:43:34",121.6,24.03,2.8,9.1,"花蓮縣政府北偏西方  4.3  公里 (位於花蓮縣新城鄉)(花蓮縣新城鄉)"
"小區域有感地震","2018-02-12 14:30:16",121.56,23.91,2.8,9.7,"花蓮縣政府西南方  11.1  公里 (位於花蓮縣壽豐鄉)(花蓮縣壽豐鄉)"
"小區域有感地震","2018-02-12 12:47:58",121.76,24.21,3.4,16.9,"花蓮縣政府北偏東方  28.1  公里 (位於花蓮縣近海)(花蓮縣近海)"
"小區域有感地震","2018-02-12 12:45:25",121.77,24.22,3.8,17.1,"花蓮縣政府北偏東方  29.2  公里 (位於花蓮縣近海)(花蓮縣近海)"
"小區域有感地震","2018-02-12 11:54:56",121.76,24.22,3.6,17,"花蓮縣政府北偏東方  29.0  公里 (位於花蓮縣近海)(花蓮縣近海)"
"小區域有感地震","2018-02-12 11:28:46",121.76,24.22,3.6,16.8,"花蓮縣政府北偏東方  28.5  公里 (位於花蓮縣近海)(花蓮縣近海)"
"小區域有感地震","2018-02-12 11:25:31",121.75,24.22,2.9,16.5,"花蓮縣政府北偏東方  28.1  公里 (位於花蓮縣近海)(花蓮縣近海)"
"小區域有感地震","2018-02-12 10:26:09",121.79,24.02,3.9,4.3,"花蓮縣政府東方  17.2  公里 (位於臺灣東部海域)(臺灣東部海域)"
"小區域有感地震","2018-02-12 09:45:05",121.6,24,2.2,5.2,"花蓮縣政府西偏北方  1.9  公里 (位於花蓮縣花蓮市)(花蓮縣花蓮市)"
"小區域有感地震","2018-02-12 06:38:04",121.57,23.94,2.2,10.6,"花蓮縣政府西南方  8.0  公里 (位於花蓮縣吉安鄉)(花蓮縣吉安鄉)"
"小區域有感地震","2018-02-12 05:36:32",121.56,23.9,2.6,9.3,"花蓮縣政府南偏西方  11.9  公里 (位於花蓮縣壽豐鄉)(花蓮縣壽豐鄉)"
"小區域有感地震","2018-02-12 05:34:52",121.56,23.93,2.1,11.7,"花蓮縣政府西南方  8.6  公里 (位於花蓮縣吉安鄉)(花蓮縣吉安鄉)"
"小區域有感地震","2018-02-12 05:34:25",121.57,23.93,2.4,9.5,"花蓮縣政府西南方  8.3  公里 (位於花蓮縣吉安鄉)(花蓮縣吉安鄉)"
"小區域有感地震","2018-02-11 22:36:38",121.92,24.43,3.8,23,"宜蘭縣政府南偏東方  36.9  公里 (位於臺灣東部海域)(臺灣東部海域)"
"小區域有感地震","2018-02-11 18:38:22",121.58,23.96,3.4,8.4,"花蓮縣政府西南方  5.1  公里 (位於花蓮縣吉安鄉)(花蓮縣吉安鄉)"
"小區域有感地震","2018-02-11 17:54:13",121.76,24.24,3.3,9.7,"花蓮縣政府北偏東方  31.1  公里 (位於花蓮縣近海)(花蓮縣近海)"
"小區域有感地震","2018-02-11 17:34:57",121.57,23.94,3.1,9,"花蓮縣政府西南方  7.9  公里 (位於花蓮縣吉安鄉)(花蓮縣吉安鄉)"
"小區域有感地震","2018-02-11 16:20:56",121.58,23.96,2.9,9.4,"花蓮縣政府西南方  5.7  公里 (位於花蓮縣吉安鄉)(花蓮縣吉安鄉)"
"小區域有感地震","2018-02-11 16:20:07",121.58,23.94,3.9,8.2,"花蓮縣政府西南方  6.8  公里 (位於花蓮縣吉安鄉)(花蓮縣吉安鄉)"
"小區域有感地震","2018-02-11 16:13:19",121.57,23.89,2.9,9.1,"花蓮縣政府南偏西方  12.8  公里 (位於花蓮縣壽豐鄉)(花蓮縣壽豐鄉)"
"小區域有感地震","2018-02-11 15:42:49",121.56,23.9,3.6,9.5,"花蓮縣政府南偏西方  11.4  公里 (位於花蓮縣壽豐鄉)(花蓮縣壽豐鄉)"
60,"2018-02-11 15:39:06",121.57,23.91,4.2,8.5,"花蓮縣政府南偏西方  10.8  公里 (位於花蓮縣壽豐鄉)(花蓮縣壽豐鄉)"
"小區域有感地震","2018-02-11 13:22:28",121.57,23.89,3.2,6.7,"花蓮縣政府南偏西方  12.3  公里 (位於花蓮縣壽豐鄉)(花蓮縣壽豐鄉)"
"小區域有感地震","2018-02-11 10:45:59",120.67,22.83,3.1,18.2,"屏東縣政府東北方  24.4  公里 (位於屏東縣三地門鄉)(屏東縣三地門鄉)"
"小區域有感地震","2018-02-11 07:07:15",121.56,23.91,2.8,10.7,"花蓮縣政府西南方  11.1  公里 (位於花蓮縣壽豐鄉)(花蓮縣壽豐鄉)"
"小區域有感地震","2018-02-11 06:27:24",121.55,23.9,3.5,10.4,"花蓮縣政府西南方  12.4  公里 (位於花蓮縣壽豐鄉)(花蓮縣壽豐鄉)"
"小區域有感地震","2018-02-11 06:11:26",121.46,23.9,2.7,17.1,"花蓮縣政府西偏南方  19.4  公里 (位於花蓮縣秀林鄉)(花蓮縣秀林鄉)"
"小區域有感地震","2018-02-11 04:53:37",121.62,24.03,2.6,8.6,"花蓮縣政府北方  4.1  公里 (位於花蓮縣新城鄉)(花蓮縣新城鄉)"
"小區域有感地震","2018-02-11 01:55:07",121.59,23.97,3.4,8,"花蓮縣政府西南方  3.5  公里 (位於花蓮縣吉安鄉)(花蓮縣吉安鄉)"
"小區域有感地震","2018-02-11 00:26:55",121.57,23.95,2,9.6,"花蓮縣政府西南方  6.5  公里 (位於花蓮縣吉安鄉)(花蓮縣吉安鄉)"
"小區域有感地震","2018-02-11 00:25:40",121.57,23.95,3.1,8.8,"花蓮縣政府西南方  6.6  公里 (位於花蓮縣吉安鄉)(花蓮縣吉安鄉)"
"小區域有感地震","2018-02-10 20:14:09",121.57,23.92,2.5,9.8,"花蓮縣政府西南方  9.5  公里 (位於花蓮縣吉安鄉)(花蓮縣吉安鄉)"
"小區域有感地震","2018-02-10 18:37:55",121.71,24.2,3.5,10.9,"花蓮縣政府北偏東方  25.2  公里 (位於花蓮縣近海)(花蓮縣近海)"
"小區域有感地震","2018-02-10 18:15:59",121.67,24.1,3.6,8.7,"花蓮縣政府北偏東方  13.0  公里 (位於花蓮縣近海)(花蓮縣近海)"
"小區域有感地震","2018-02-10 18:09:10",121.75,24.16,3.2,11.3,"花蓮縣政府東北方  22.2  公里 (位於花蓮縣近海)(花蓮縣近海)"
"小區域有感地震","2018-02-10 16:42:57",121.6,23.97,3.6,8.2,"花蓮縣政府西南方  3.1  公里 (位於花蓮縣花蓮市)(花蓮縣花蓮市)"
59,"2018-02-10 15:48:49",121.84,24.23,4.7,10.9,"花蓮縣政府東北方  34.3  公里 (位於臺灣東部海域)(臺灣東部海域)"
"小區域有感地震","2018-02-10 15:37:49",121.59,23.96,3.7,9,"花蓮縣政府西南方  5.0  公里 (位於花蓮縣吉安鄉)(花蓮縣吉安鄉)"
"小區域有感地震","2018-02-10 15:10:33",121.77,24.18,3.8,9.1,"花蓮縣政府東北方  26.1  公里 (位於臺灣東部海域)(臺灣東部海域)"
"小區域有感地震","2018-02-10 14:44:31",121.65,24.02,3,7.6,"花蓮縣政府東北方  4.0  公里 (位於花蓮縣近海)(花蓮縣近海)"
"小區域有感地震","2018-02-10 13:55:14",121.64,24.03,2.7,6.6,"花蓮縣政府北偏東方  5.1  公里 (位於花蓮縣近海)(花蓮縣近海)"
"小區域有感地震","2018-02-10 13:16:09",121.61,24.03,2.8,6.7,"花蓮縣政府北偏西方  4.0  公里 (位於花蓮縣新城鄉)(花蓮縣新城鄉)"
"小區域有感地震","2018-02-10 11:59:27",121.57,23.89,2.8,7.4,"花蓮縣政府南偏西方  12.5  公里 (位於花蓮縣壽豐鄉)(花蓮縣壽豐鄉)"
"小區域有感地震","2018-02-10 11:56:21",121.57,23.89,3.8,7.9,"花蓮縣政府南偏西方  12.5  公里 (位於花蓮縣壽豐鄉)(花蓮縣壽豐鄉)"
"小區域有感地震","2018-02-10 10:24:55",121.61,24,3.2,8.1,"花蓮縣政府西偏北方  1.3  公里 (位於花蓮縣花蓮市)(花蓮縣花蓮市)"
"小區域有感地震","2018-02-10 09:31:46",121.58,23.96,2.1,8.2,"花蓮縣政府西南方  5.1  公里 (位於花蓮縣吉安鄉)(花蓮縣吉安鄉)"
"小區域有感地震","2018-02-10 09:01:46",121.66,24.04,2.9,7.4,"花蓮縣政府東北方  6.8  公里 (位於花蓮縣近海)(花蓮縣近海)"
"小區域有感地震","2018-02-10 08:55:34",121.63,24.04,3.6,8,"花蓮縣政府北方  5.8  公里 (位於花蓮縣近海)(花蓮縣近海)"
"小區域有感地震","2018-02-10 06:31:06",121.58,23.99,2.4,9.2,"花蓮縣政府西方  4.0  公里 (位於花蓮縣吉安鄉)(花蓮縣吉安鄉)"
"小區域有感地震","2018-02-10 05:51:44",121.58,23.99,2.5,8.1,"花蓮縣政府西方  4.5  公里 (位於花蓮縣吉安鄉)(花蓮縣吉安鄉)"
"小區域有感地震","2018-02-10 05:26:14",121.58,23.98,3.7,8.3,"花蓮縣政府西偏南方  3.9  公里 (位於花蓮縣吉安鄉)(花蓮縣吉安鄉)"
"小區域有感地震","2018-02-10 04:25:19",121.6,23.98,3.6,9.4,"花蓮縣政府西偏南方  2.8  公里 (位於花蓮縣花蓮市)(花蓮縣花蓮市)"
58,"2018-02-10 02:43:09",121.81,24.03,4.7,5.8,"花蓮縣政府東方  20.1  公里 (位於臺灣東部海域)(臺灣東部海域)"
"小區域有感地震","2018-02-10 01:33:55",121.7,24.22,3.1,12.3,"花蓮縣政府北偏東方  26.6  公里 (位於花蓮縣近海)(花蓮縣近海)"
"小區域有感地震","2018-02-10 00:37:45",121.6,23.99,2.4,7.6,"花蓮縣政府西偏南方  2.5  公里 (位於花蓮縣花蓮市)(花蓮縣花蓮市)"
"小區域有感地震","2018-02-09 22:45:45",121.8,24.02,4.2,6.8,"花蓮縣政府東方  19.0  公里 (位於臺灣東部海域)(臺灣東部海域)"
"小區域有感地震","2018-02-09 19:21:53",121.83,24.04,3.9,6.9,"花蓮縣政府東偏北方  21.7  公里 (位於臺灣東部海域)(臺灣東部海域)"
"小區域有感地震","2018-02-09 14:03:57",121.6,23.97,2.7,7.6,"花蓮縣政府西南方  3.0  公里 (位於花蓮縣花蓮市)(花蓮縣花蓮市)"
"小區域有感地震","2018-02-09 13:59:54",121.6,23.97,2.8,7.6,"花蓮縣政府西南方  3.2  公里 (位於花蓮縣花蓮市)(花蓮縣花蓮市)"
"小區域有感地震","2018-02-09 12:05:35",121.59,23.94,2.8,17.7,"花蓮縣政府南偏西方  6.3  公里 (位於花蓮縣吉安鄉)(花蓮縣吉安鄉)"
"小區域有感地震","2018-02-09 11:56:01",121.6,23.92,4.1,22.7,"花蓮縣政府南偏西方  8.7  公里 (位於花蓮縣壽豐鄉)(花蓮縣壽豐鄉)"
"小區域有感地震","2018-02-09 11:35:10",121.71,24.11,3.3,8.8,"花蓮縣政府東北方  15.7  公里 (位於花蓮縣近海)(花蓮縣近海)"
57,"2018-02-09 10:14:03",121.6,23.93,4.7,21.6,"花蓮縣政府南偏西方  7.4  公里 (位於花蓮縣壽豐鄉)(花蓮縣壽豐鄉)"
"小區域有感地震","2018-02-09 09:21:35",121.61,24.01,2.4,11.8,"花蓮縣政府北偏西方  2.7  公里 (位於花蓮縣花蓮市)(花蓮縣花蓮市)"
"小區域有感地震","2018-02-09 08:46:40",121.6,23.98,2.9,13.5,"花蓮縣政府西南方  2.7  公里 (位於花蓮縣花蓮市)(花蓮縣花蓮市)"
"小區域有感地震","2018-02-09 08:34:34",121.57,24.03,2.2,7,"花蓮縣政府西北方  6.8  公里 (位於花蓮縣秀林鄉)(花蓮縣秀林鄉)"
"小區域有感地震","2018-02-09 08:31:47",121.55,23.98,1.8,5.9,"花蓮縣政府西方  7.5  公里 (位於花蓮縣吉安鄉)(花蓮縣吉安鄉)"
"小區域有感地震","2018-02-09 07:39:54",121.76,24.23,3.5,8.7,"花蓮縣政府北偏東方  29.6  公里 (位於花蓮縣近海)(花蓮縣近海)"
"小區域有感地震","2018-02-09 06:15:57",121.58,23.9,3.4,7.7,"花蓮縣政府南偏西方  10.8  公里 (位於花蓮縣壽豐鄉)(花蓮縣壽豐鄉)"
"小區域有感地震","2018-02-09 05:51:46",121.72,24.24,2.8,13.1,"花蓮縣政府北偏東方  29.6  公里 (位於花蓮縣近海)(花蓮縣近海)"
"小區域有感地震","2018-02-09 04:14:13",121.82,24.02,4,5.9,"花蓮縣政府東方  21.0  公里 (位於臺灣東部海域)(臺灣東部海域)"
"小區域有感地震","2018-02-09 04:03:36",121.7,24.07,3.2,8.1,"花蓮縣政府東北方  12.0  公里 (位於花蓮縣近海)(花蓮縣近海)"
"小區域有感地震","2018-02-09 03:11:05",121.82,24.09,4.3,11.2,"花蓮縣政府東偏北方  22.8  公里 (位於臺灣東部海域)(臺灣東部海域)"
"小區域有感地震","2018-02-09 01:17:17",121.65,24.05,3.1,10.6,"花蓮縣政府北偏東方  7.1  公里 (位於花蓮縣近海)(花蓮縣近海)"
"小區域有感地震","2018-02-09 01:02:28",121.67,23.99,2.9,13,"花蓮縣政府東方  5.4  公里 (位於花蓮縣近海)(花蓮縣近海)"
"小區域有感地震","2018-02-09 00:06:21",121.77,24.45,3.4,6.6,"宜蘭縣政府南方  31.0  公里 (位於宜蘭縣南澳鄉)(宜蘭縣南澳鄉)"
"小區域有感地震","2018-02-08 23:38:54",121.59,23.97,2.6,8.3,"花蓮縣政府西南方  3.9  公里 (位於花蓮縣吉安鄉)(花蓮縣吉安鄉)"
"小區域有感地震","2018-02-08 22:42:51",121.78,24.05,3.7,8.6,"花蓮縣政府東偏北方  17.8  公里 (位於臺灣東部海域)(臺灣東部海域)"
"小區域有感地震","2018-02-08 21:52:31",121.76,24.2,3.4,17.3,"花蓮縣政府北偏東方  26.9  公里 (位於臺灣東部海域)(臺灣東部海域)"
"小區域有感地震","2018-02-08 21:22:43",121.76,24.17,3.4,12.2,"花蓮縣政府東北方  23.8  公里 (位於臺灣東部海域)(臺灣東部海域)"
"小區域有感地震","2018-02-08 18:09:13",121.71,24.24,3,12.4,"花蓮縣政府北偏東方  29.4  公里 (位於花蓮縣近海)(花蓮縣近海)"
"小區域有感地震","2018-02-08 18:05:13",121.59,23.96,2.6,8.4,"花蓮縣政府西南方  4.4  公里 (位於花蓮縣吉安鄉)(花蓮縣吉安鄉)"
"小區域有感地震","2018-02-08 18:02:54",121.59,23.99,2.9,8.2,"花蓮縣政府西方  3.4  公里 (位於花蓮縣吉安鄉)(花蓮縣吉安鄉)"
"小區域有感地震","2018-02-08 17:55:47",121.6,24.04,3.2,8.9,"花蓮縣政府北偏西方  5.7  公里 (位於花蓮縣新城鄉)(花蓮縣新城鄉)"
"小區域有感地震","2018-02-08 17:36:32",121.59,23.98,3.2,7.6,"花蓮縣政府西偏南方  3.6  公里 (位於花蓮縣花蓮市)(花蓮縣花蓮市)"
"小區域有感地震","2018-02-08 16:40:54",121.74,24.1,4,6.6,"花蓮縣政府東北方  16.9  公里 (位於臺灣東部海域)(臺灣東部海域)"
"小區域有感地震","2018-02-08 16:24:17",121.64,23.66,3.4,32.1,"花蓮縣政府南方  36.4  公里 (位於臺灣東部海域)(臺灣東部海域)"
"小區域有感地震","2018-02-08 16:21:08",121.65,24.09,2.9,8.5,"花蓮縣政府北偏東方  11.5  公里 (位於花蓮縣近海)(花蓮縣近海)"
"小區域有感地震","2018-02-08 15:34:42",121.79,24.2,3.6,10.7,"花蓮縣政府東北方  28.8  公里 (位於臺灣東部海域)(臺灣東部海域)"
"小區域有感地震","2018-02-08 15:16:05",121.83,24.03,3.9,6.4,"花蓮縣政府東方  21.5  公里 (位於臺灣東部海域)(臺灣東部海域)"
"小區域有感地震","2018-02-08 15:03:35",121.62,24.05,3.3,13.2,"花蓮縣政府北方  6.6  公里 (位於花蓮縣近海)(花蓮縣近海)"
"小區域有感地震","2018-02-08 13:51:24",121.77,24.02,3.9,5.2,"花蓮縣政府東偏北方  15.5  公里 (位於臺灣東部海域)(臺灣東部海域)"
"小區域有感地震","2018-02-08 13:07:26",121.58,23.98,3.2,8.7,"花蓮縣政府西偏南方  3.8  公里 (位於花蓮縣吉安鄉)(花蓮縣吉安鄉)"
"小區域有感地震","2018-02-08 13:06:55",121.58,23.98,3.3,8.9,"花蓮縣政府西偏南方  3.9  公里 (位於花蓮縣吉安鄉)(花蓮縣吉安鄉)"
"小區域有感地震","2018-02-08 12:23:33",121.6,23.96,3.6,9.8,"花蓮縣政府西南方  3.8  公里 (位於花蓮縣吉安鄉)(花蓮縣吉安鄉)"
"小區域有感地震","2018-02-08 11:23:38",121.58,23.97,3.8,7.8,"花蓮縣政府西偏南方  4.8  公里 (位於花蓮縣吉安鄉)(花蓮縣吉安鄉)"
"小區域有感地震","2018-02-08 11:20:23",121.6,23.97,2.9,9,"花蓮縣政府西南方  2.6  公里 (位於花蓮縣花蓮市)(花蓮縣花蓮市)"
56,"2018-02-08 11:15:25",121.6,23.97,4.1,7.3,"花蓮縣政府西南方  3.4  公里 (位於花蓮縣花蓮市)(花蓮縣花蓮市)"
55,"2018-02-08 11:06:04",121.6,23.96,4.8,8.8,"花蓮縣政府南偏西方  4.0  公里 (位於花蓮縣吉安鄉)(花蓮縣吉安鄉)"
"小區域有感地震","2018-02-08 10:41:20",121.75,24.17,4.1,13.3,"花蓮縣政府東北方  24.2  公里 (位於花蓮縣近海)(花蓮縣近海)"
"小區域有感地震","2018-02-08 10:20:14",121.58,23.98,3.1,8.5,"花蓮縣政府西偏南方  4.2  公里 (位於花蓮縣吉安鄉)(花蓮縣吉安鄉)"
"小區域有感地震","2018-02-08 09:56:57",121.61,24.02,2.6,12.6,"花蓮縣政府北偏西方  3.4  公里 (位於花蓮縣新城鄉)(花蓮縣新城鄉)"
"小區域有感地震","2018-02-08 09:53:46",121.6,23.96,3.1,7.3,"花蓮縣政府西南方  3.8  公里 (位於花蓮縣吉安鄉)(花蓮縣吉安鄉)"
"小區域有感地震","2018-02-08 09:35:14",121.58,23.97,3.6,8.2,"花蓮縣政府西偏南方  4.4  公里 (位於花蓮縣吉安鄉)(花蓮縣吉安鄉)"
"小區域有感地震","2018-02-08 09:26:38",121.72,24.13,3,10.3,"花蓮縣政府東北方  18.9  公里 (位於花蓮縣近海)(花蓮縣近海)"
"小區域有感地震","2018-02-08 09:16:07",121.6,23.96,3,8.8,"花蓮縣政府南偏西方  3.9  公里 (位於花蓮縣吉安鄉)(花蓮縣吉安鄉)"
"小區域有感地震","2018-02-08 09:08:08",121.59,23.96,2.8,7.9,"花蓮縣政府西南方  4.5  公里 (位於花蓮縣吉安鄉)(花蓮縣吉安鄉)"
54,"2018-02-08 08:59:27",121.57,23.98,4.3,9,"花蓮縣政府西方  5.5  公里 (位於花蓮縣吉安鄉)(花蓮縣吉安鄉)"
53,"2018-02-08 08:54:38",121.56,23.99,4.4,8.4,"花蓮縣政府西方  5.9  公里 (位於花蓮縣吉安鄉)(花蓮縣吉安鄉)"
52,"2018-02-08 08:54:17",121.58,23.97,5,11.5,"花蓮縣政府西偏南方  4.7  公里 (位於花蓮縣吉安鄉)(花蓮縣吉安鄉)"
"小區域有感地震","2018-02-08 07:53:25",121.6,23.98,3.3,6.8,"花蓮縣政府西偏南方  2.7  公里 (位於花蓮縣花蓮市)(花蓮縣花蓮市)"
"小區域有感地震","2018-02-08 07:23:00",121.59,23.94,3.1,21.8,"花蓮縣政府南偏西方  6.6  公里 (位於花蓮縣吉安鄉)(花蓮縣吉安鄉)"
"小區域有感地震","2018-02-08 07:15:03",121.61,24.03,2.5,9,"花蓮縣政府北偏西方  4.3  公里 (位於花蓮縣新城鄉)(花蓮縣新城鄉)"
"小區域有感地震","2018-02-08 07:01:23",121.58,24,2.5,5,"花蓮縣政府西偏北方  3.9  公里 (位於花蓮縣花蓮市)(花蓮縣花蓮市)"
"小區域有感地震","2018-02-08 06:44:29",121.7,24.12,3.2,8.8,"花蓮縣政府北偏東方  16.6  公里 (位於花蓮縣近海)(花蓮縣近海)"
"小區域有感地震","2018-02-08 06:34:24",121.6,24.02,2.6,7.9,"花蓮縣政府北偏西方  4.1  公里 (位於花蓮縣新城鄉)(花蓮縣新城鄉)"
"小區域有感地震","2018-02-08 06:29:27",121.59,23.98,2.4,8.4,"花蓮縣政府西偏南方  3.7  公里 (位於花蓮縣花蓮市)(花蓮縣花蓮市)"
"小區域有感地震","2018-02-08 05:56:05",121.72,24.09,3.7,8.4,"花蓮縣政府東北方  15.2  公里 (位於臺灣東部海域)(臺灣東部海域)"
51,"2018-02-08 05:34:38",121.85,24.37,3.8,16.2,"宜蘭縣政府南偏東方  40.8  公里 (位於宜蘭縣近海)(宜蘭縣近海)"
"小區域有感地震","2018-02-08 04:53:50",121.59,24.02,2.4,5.5,"花蓮縣政府西北方  4.5  公里 (位於花蓮縣新城鄉)(花蓮縣新城鄉)"
50,"2018-02-08 02:43:33",121.56,23.93,3.8,8.8,"花蓮縣政府西南方  8.9  公里 (位於花蓮縣吉安鄉)(花蓮縣吉安鄉)"
"小區域有感地震","2018-02-08 02:22:50",121.58,23.9,3.3,19.8,"花蓮縣政府南偏西方  11.1  公里 (位於花蓮縣壽豐鄉)(花蓮縣壽豐鄉)"
"小區域有感地震","2018-02-08 02:20:35",121.59,24,2.8,7.6,"花蓮縣政府西偏北方  3.0  公里 (位於花蓮縣花蓮市)(花蓮縣花蓮市)"
"小區域有感地震","2018-02-08 02:19:04",121.58,23.98,1.6,4.3,"花蓮縣政府西方  4.4  公里 (位於花蓮縣吉安鄉)(花蓮縣吉安鄉)"
"小區域有感地震","2018-02-08 02:17:50",121.59,23.98,2.2,7,"花蓮縣政府西偏南方  3.2  公里 (位於花蓮縣花蓮市)(花蓮縣花蓮市)"
49,"2018-02-08 02:02:22",121.75,23.97,4.2,6.5,"花蓮縣政府東方  13.7  公里 (位於臺灣東部海域)(臺灣東部海域)"
"小區域有感地震","2018-02-08 01:30:48",121.59,23.99,3.1,7.5,"花蓮縣政府西方  2.7  公里 (位於花蓮縣吉安鄉)(花蓮縣吉安鄉)"
"小區域有感地震","2018-02-08 01:30:38",121.59,24,2.8,6.9,"花蓮縣政府西方  3.3  公里 (位於花蓮縣花蓮市)(花蓮縣花蓮市)"
"小區域有感地震","2018-02-08 00:27:19",121.63,24.04,2.8,7.1,"花蓮縣政府北方  4.9  公里 (位於花蓮縣近海)(花蓮縣近海)"
"小區域有感地震","2018-02-08 00:18:41",121.7,24.14,3.2,8.9,"花蓮縣政府北偏東方  18.4  公里 (位於花蓮縣近海)(花蓮縣近海)"
"小區域有感地震","2018-02-07 23:56:04",121.82,24.1,4.4,6,"花蓮縣政府東偏北方  23.3  公里 (位於臺灣東部海域)(臺灣東部海域)"
"小區域有感地震","2018-02-07 23:37:36",121.71,24.14,3.5,9.4,"花蓮縣政府北偏東方  19.0  公里 (位於花蓮縣近海)(花蓮縣近海)"
"小區域有感地震","2018-02-07 23:31:57",121.71,24.12,3.7,7.8,"花蓮縣政府東北方  16.4  公里 (位於花蓮縣近海)(花蓮縣近海)"
"小區域有感地震","2018-02-07 23:24:58",121.71,24.11,3.8,8.3,"花蓮縣政府東北方  16.5  公里 (位於花蓮縣近海)(花蓮縣近海)"
"小區域有感地震","2018-02-07 23:24:04",121.71,24.13,4.3,7.9,"花蓮縣政府北偏東方  18.2  公里 (位於花蓮縣近海)(花蓮縣近海)"
"小區域有感地震","2018-02-07 23:23:43",121.72,24.13,4.1,10.6,"花蓮縣政府東北方  18.0  公里 (位於花蓮縣近海)(花蓮縣近海)"
"小區域有感地震","2018-02-07 23:23:06",121.71,24.11,4.3,10.6,"花蓮縣政府東北方  15.4  公里 (位於花蓮縣近海)(花蓮縣近海)"
48,"2018-02-07 23:21:30",121.78,24.08,5.8,7.8,"花蓮縣政府東偏北方  18.9  公里 (位於臺灣東部海域)(臺灣東部海域)"
47,"2018-02-07 22:19:19",121.77,23.96,4.6,5.1,"花蓮縣政府東方  15.3  公里 (位於臺灣東部海域)(臺灣東部海域)"
"小區域有感地震","2018-02-07 22:17:45",121.59,23.95,2.2,8.3,"花蓮縣政府西南方  5.2  公里 (位於花蓮縣吉安鄉)(花蓮縣吉安鄉)"
"小區域有感地震","2018-02-07 21:58:43",121.64,24.05,3.1,7.8,"花蓮縣政府北偏東方  6.5  公里 (位於花蓮縣近海)(花蓮縣近海)"
"小區域有感地震","2018-02-07 21:39:01",121.82,24,3.5,8.3,"花蓮縣政府東方  20.0  公里 (位於臺灣東部海域)(臺灣東部海域)"
46,"2018-02-07 21:08:00",121.74,24.09,4.5,7.3,"花蓮縣政府東北方  16.5  公里 (位於臺灣東部海域)(臺灣東部海域)"
"小區域有感地震","2018-02-07 21:06:40",121.77,24.08,5.1,7.2,"花蓮縣政府東偏北方  18.2  公里 (位於臺灣東部海域)(臺灣東部海域)"
45,"2018-02-07 20:51:58",121.64,24.25,4,15.1,"花蓮縣政府北方  28.6  公里 (位於花蓮縣秀林鄉)(花蓮縣秀林鄉)"
"小區域有感地震","2018-02-07 20:39:39",121.68,24.1,3.6,8.7,"花蓮縣政府北偏東方  13.7  公里 (位於花蓮縣近海)(花蓮縣近海)"
"小區域有感地震","2018-02-07 19:58:27",121.78,23.97,4,6.4,"花蓮縣政府東方  16.2  公里 (位於臺灣東部海域)(臺灣東部海域)"
"小區域有感地震","2018-02-07 19:54:20",121.58,23.97,2.9,12.8,"花蓮縣政府西偏南方  4.5  公里 (位於花蓮縣吉安鄉)(花蓮縣吉安鄉)"
44,"2018-02-07 19:33:08",121.57,23.9,4,10.2,"花蓮縣政府南偏西方  11.6  公里 (位於花蓮縣壽豐鄉)(花蓮縣壽豐鄉)"
"小區域有感地震","2018-02-07 19:22:14",121.65,24.06,3.6,9,"花蓮縣政府北偏東方  8.6  公里 (位於花蓮縣近海)(花蓮縣近海)"
"小區域有感地震","2018-02-07 19:19:25",121.67,24.09,3.5,9.2,"花蓮縣政府北偏東方  12.7  公里 (位於花蓮縣近海)(花蓮縣近海)"
43,"2018-02-07 19:13:05",121.73,24,5,8.2,"花蓮縣政府東方  11.2  公里 (位於臺灣東部海域)(臺灣東部海域)"
"小區域有感地震","2018-02-07 18:33:12",121.61,24.04,3.1,9.7,"花蓮縣政府北方  5.6  公里 (位於花蓮縣新城鄉)(花蓮縣新城鄉)"
"小區域有感地震","2018-02-07 18:29:27",121.67,24.22,3.4,12.5,"花蓮縣政府北偏東方  25.6  公里 (位於花蓮縣秀林鄉)(花蓮縣秀林鄉)"
42,"2018-02-07 18:19:47",121.67,24.21,4.5,12.7,"花蓮縣政府北偏東方  25.3  公里 (位於花蓮縣近海)(花蓮縣近海)"
"小區域有感地震","2018-02-07 17:56:43",121.59,23.95,2.7,7.8,"花蓮縣政府西南方  5.2  公里 (位於花蓮縣吉安鄉)(花蓮縣吉安鄉)"
"小區域有感地震","2018-02-07 17:52:06",121.59,23.98,2.6,5.6,"花蓮縣政府西偏南方  3.4  公里 (位於花蓮縣花蓮市)(花蓮縣花蓮市)"
"小區域有感地震","2018-02-07 17:46:38",121.73,24.01,3.9,8.7,"花蓮縣政府東方  11.3  公里 (位於花蓮縣近海)(花蓮縣近海)"
"小區域有感地震","2018-02-07 17:35:40",121.58,24,2.9,6.2,"花蓮縣政府西偏北方  4.1  公里 (位於花蓮縣花蓮市)(花蓮縣花蓮市)"
"小區域有感地震","2018-02-07 17:35:10",121.6,23.99,3.4,6.4,"花蓮縣政府西方  2.2  公里 (位於花蓮縣花蓮市)(花蓮縣花蓮市)"
"小區域有感地震","2018-02-07 17:31:50",121.6,23.97,3.3,6.6,"花蓮縣政府西南方  3.1  公里 (位於花蓮縣花蓮市)(花蓮縣花蓮市)"
"小區域有感地震","2018-02-07 17:04:12",121.67,24.07,3.2,7.6,"花蓮縣政府北偏東方  9.8  公里 (位於花蓮縣近海)(花蓮縣近海)"
41,"2018-02-07 16:23:29",121.68,24.09,4.1,8.3,"花蓮縣政府北偏東方  12.5  公里 (位於花蓮縣近海)(花蓮縣近海)"
"小區域有感地震","2018-02-07 15:53:48",121.76,24.17,3.2,11.4,"花蓮縣政府東北方  24.7  公里 (位於臺灣東部海域)(臺灣東部海域)"
"小區域有感地震","2018-02-07 15:39:43",121.66,24.06,3.1,7.6,"花蓮縣政府北偏東方  8.8  公里 (位於花蓮縣近海)(花蓮縣近海)"
"小區域有感地震","2018-02-07 15:00:09",121.61,24.04,3.1,16.5,"花蓮縣政府北方  5.3  公里 (位於花蓮縣新城鄉)(花蓮縣新城鄉)"
"小區域有感地震","2018-02-07 13:09:45",121.7,24.12,3.6,8.9,"花蓮縣政府北偏東方  16.6  公里 (位於花蓮縣近海)(花蓮縣近海)"
"小區域有感地震","2018-02-07 13:07:38",121.72,23.99,4.3,7.4,"花蓮縣政府東方  10.4  公里 (位於臺灣東部海域)(臺灣東部海域)"
"小區域有感地震","2018-02-07 12:59:00",121.61,24.06,3.6,9.3,"花蓮縣政府北方  7.8  公里 (位於花蓮縣近海)(花蓮縣近海)"
"小區域有感地震","2018-02-07 12:56:50",121.64,24.06,3.7,10,"花蓮縣政府北偏東方  7.3  公里 (位於花蓮縣近海)(花蓮縣近海)"
"小區域有感地震","2018-02-07 12:56:28",121.78,24.18,3.2,14.1,"花蓮縣政府東北方  26.9  公里 (位於臺灣東部海域)(臺灣東部海域)"
40,"2018-02-07 12:50:42",121.64,24.05,4.3,8,"花蓮縣政府北偏東方  7.3  公里 (位於花蓮縣近海)(花蓮縣近海)"
"小區域有感地震","2018-02-07 12:48:06",121.61,23.93,3.4,23,"花蓮縣政府南偏西方  7.5  公里 (位於花蓮縣近海)(花蓮縣近海)"
"小區域有感地震","2018-02-07 12:43:43",121.61,24.01,3.4,6.8,"花蓮縣政府北偏西方  1.8  公里 (位於花蓮縣花蓮市)(花蓮縣花蓮市)"
"小區域有感地震","2018-02-07 12:39:18",121.61,24,4,6.8,"花蓮縣政府西北方  1.5  公里 (位於花蓮縣花蓮市)(花蓮縣花蓮市)"
"小區域有感地震","2018-02-07 12:37:27",121.61,24,2.7,6.5,"花蓮縣政府北偏西方  1.6  公里 (位於花蓮縣花蓮市)(花蓮縣花蓮市)"
"小區域有感地震","2018-02-07 12:33:13",121.59,23.99,3.6,6.9,"花蓮縣政府西方  2.8  公里 (位於花蓮縣吉安鄉)(花蓮縣吉安鄉)"
"小區域有感地震","2018-02-07 12:18:33",121.59,23.98,3,6.7,"花蓮縣政府西偏南方  3.7  公里 (位於花蓮縣花蓮市)(花蓮縣花蓮市)"
"小區域有感地震","2018-02-07 11:57:58",121.66,24.04,4,7.4,"花蓮縣政府東北方  7.4  公里 (位於花蓮縣近海)(花蓮縣近海)"
"小區域有感地震","2018-02-07 11:54:09",121.61,24.01,2.7,6,"花蓮縣政府西北方  2.7  公里 (位於花蓮縣花蓮市)(花蓮縣花蓮市)"
"小區域有感地震","2018-02-07 11:40:27",121.72,24.21,4,8.3,"花蓮縣政府北偏東方  25.8  公里 (位於花蓮縣近海)(花蓮縣近海)"
"小區域有感地震","2018-02-07 11:37:36",121.73,24.07,4.4,8.8,"花蓮縣政府東北方  14.0  公里 (位於臺灣東部海域)(臺灣東部海域)"
39,"2018-02-07 11:36:18",121.74,24.08,5.1,7.4,"花蓮縣政府東北方  15.6  公里 (位於臺灣東部海域)(臺灣東部海域)"
"小區域有感地震","2018-02-07 11:30:50",121.69,24.09,3,8.5,"花蓮縣政府東北方  13.2  公里 (位於花蓮縣近海)(花蓮縣近海)"
"小區域有感地震","2018-02-07 11:26:31",121.71,24.09,3.4,8.9,"花蓮縣政府東北方  14.5  公里 (位於花蓮縣近海)(花蓮縣近海)"
"小區域有感地震","2018-02-07 11:21:31",121.7,24.2,3.2,13.9,"花蓮縣政府北偏東方  24.2  公里 (位於花蓮縣近海)(花蓮縣近海)"
"小區域有感地震","2018-02-07 11:18:04",121.65,24.04,3.2,8.4,"花蓮縣政府北偏東方  6.2  公里 (位於花蓮縣近海)(花蓮縣近海)"
"小區域有感地震","2018-02-07 10:54:13",121.67,24.08,3.9,8.5,"花蓮縣政府北偏東方  11.1  公里 (位於花蓮縣近海)(花蓮縣近海)"
"小區域有感地震","2018-02-07 10:29:12",121.6,23.96,4,6.2,"花蓮縣政府南偏西方  4.3  公里 (位於花蓮縣吉安鄉)(花蓮縣吉安鄉)"
"小區域有感地震","2018-02-07 10:26:57",121.57,23.9,3.1,6.7,"花蓮縣政府南偏西方  10.6  公里 (位於花蓮縣壽豐鄉)(花蓮縣壽豐鄉)"
"小區域有感地震","2018-02-07 10:20:25",121.57,23.9,3.4,7.1,"花蓮縣政府南偏西方  10.8  公里 (位於花蓮縣壽豐鄉)(花蓮縣壽豐鄉)"
38,"2018-02-07 10:18:02",121.72,24.07,4.9,7.7,"花蓮縣政府東北方  13.5  公里 (位於臺灣東部海域)(臺灣東部海域)"
"小區域有感地震","2018-02-07 09:58:34",121.67,24.05,3.5,7.9,"花蓮縣政府東北方  8.1  公里 (位於花蓮縣近海)(花蓮縣近海)"
"小區域有感地震","2018-02-07 09:42:56",121.57,23.91,3.4,9.1,"花蓮縣政府南偏西方  10.3  公里 (位於花蓮縣壽豐鄉)(花蓮縣壽豐鄉)"
"小區域有感地震","2018-02-07 09:42:35",121.62,24.02,3.4,6.5,"花蓮縣政府北方  3.7  公里 (位於花蓮縣花蓮市)(花蓮縣花蓮市)"
"小區域有感地震","2018-02-07 09:30:33",121.68,24.08,2.9,9,"花蓮縣政府北偏東方  11.9  公里 (位於花蓮縣近海)(花蓮縣近海)"
"小區域有感地震","2018-02-07 09:26:54",121.68,24.09,3.8,9.2,"花蓮縣政府北偏東方  12.5  公里 (位於花蓮縣近海)(花蓮縣近海)"
"小區域有感地震","2018-02-07 09:26:44",121.69,24.09,3.1,8.4,"花蓮縣政府東北方  12.8  公里 (位於花蓮縣近海)(花蓮縣近海)"
37,"2018-02-07 09:21:45",121.72,24,4.4,5.9,"花蓮縣政府東方  10.2  公里 (位於花蓮縣近海)(花蓮縣近海)"
"小區域有感地震","2018-02-07 09:17:28",121.69,24.09,3.6,7.9,"花蓮縣政府東北方  13.5  公里 (位於花蓮縣近海)(花蓮縣近海)"
"小區域有感地震","2018-02-07 09:16:31",121.6,23.96,2.1,6.1,"花蓮縣政府西南方  3.8  公里 (位於花蓮縣吉安鄉)(花蓮縣吉安鄉)"
"小區域有感地震","2018-02-07 08:55:47",121.62,23.96,2.6,5.3,"花蓮縣政府南方  3.5  公里 (位於花蓮縣近海)(花蓮縣近海)"
"小區域有感地震","2018-02-07 08:28:31",121.59,23.97,3,6.6,"花蓮縣政府西南方  4.0  公里 (位於花蓮縣吉安鄉)(花蓮縣吉安鄉)"
"小區域有感地震","2018-02-07 08:09:10",121.62,24.01,3.1,6.1,"花蓮縣政府北方  2.4  公里 (位於花蓮縣花蓮市)(花蓮縣花蓮市)"
"小區域有感地震","2018-02-07 07:56:48",121.68,24.09,3,8.5,"花蓮縣政府北偏東方  13.0  公里 (位於花蓮縣近海)(花蓮縣近海)"
"小區域有感地震","2018-02-07 07:46:39",121.62,24.02,2.7,6.9,"花蓮縣政府北方  3.5  公里 (位於花蓮縣花蓮市)(花蓮縣花蓮市)"
36,"2018-02-07 07:43:51",121.65,24.03,4.9,7.5,"花蓮縣政府東北方  5.2  公里 (位於花蓮縣近海)(花蓮縣近海)"
"小區域有感地震","2018-02-07 07:34:05",121.58,23.97,2.4,7,"花蓮縣政府西偏南方  4.3  公里 (位於花蓮縣吉安鄉)(花蓮縣吉安鄉)"
"小區域有感地震","2018-02-07 07:31:02",121.63,24.03,2.8,7.3,"花蓮縣政府北方  4.4  公里 (位於花蓮縣近海)(花蓮縣近海)"
"小區域有感地震","2018-02-07 07:25:46",121.58,24,2.6,5.2,"花蓮縣政府西方  4.2  公里 (位於花蓮縣花蓮市)(花蓮縣花蓮市)"
"小區域有感地震","2018-02-07 07:24:08",121.6,23.98,4.1,5.9,"花蓮縣政府西偏南方  2.4  公里 (位於花蓮縣花蓮市)(花蓮縣花蓮市)"
35,"2018-02-07 07:11:42",121.71,24.06,4.8,5.9,"花蓮縣政府東北方  12.1  公里 (位於花蓮縣近海)(花蓮縣近海)"
"小區域有感地震","2018-02-07 06:54:28",121.75,24.02,3.6,4.4,"花蓮縣政府東方  13.2  公里 (位於臺灣東部海域)(臺灣東部海域)"
"小區域有感地震","2018-02-07 06:45:05",121.61,23.99,2.8,7,"花蓮縣政府西方  1.4  公里 (位於花蓮縣花蓮市)(花蓮縣花蓮市)"
"小區域有感地震","2018-02-07 06:35:27",121.76,24.25,3.1,9.7,"花蓮縣政府北偏東方  32.0  公里 (位於花蓮縣近海)(花蓮縣近海)"
"小區域有感地震","2018-02-07 06:34:40",121.61,23.99,3,5.2,"花蓮縣政府西方  .5  公里 (位於花蓮縣花蓮市)(花蓮縣花蓮市)"
"小區域有感地震","2018-02-07 06:33:31",121.63,24.02,2.9,6.8,"花蓮縣政府北偏東方  3.9  公里 (位於花蓮縣花蓮市)(花蓮縣花蓮市)"
"小區域有感地震","2018-02-07 06:15:32",121.65,24.05,3,7.3,"花蓮縣政府北偏東方  7.4  公里 (位於花蓮縣近海)(花蓮縣近海)"
"小區域有感地震","2018-02-07 06:11:01",121.59,23.99,2.4,6.1,"花蓮縣政府西方  2.7  公里 (位於花蓮縣吉安鄉)(花蓮縣吉安鄉)"
"小區域有感地震","2018-02-07 06:08:38",121.6,24,3,6.1,"花蓮縣政府西偏北方  2.2  公里 (位於花蓮縣花蓮市)(花蓮縣花蓮市)"
"小區域有感地震","2018-02-07 06:07:23",121.57,24,2.5,5.9,"花蓮縣政府西方  4.6  公里 (位於花蓮縣花蓮市)(花蓮縣花蓮市)"
"小區域有感地震","2018-02-07 05:56:42",121.59,23.98,3.6,7.4,"花蓮縣政府西偏南方  3.3  公里 (位於花蓮縣花蓮市)(花蓮縣花蓮市)"
"小區域有感地震","2018-02-07 05:48:50",121.62,24,2.4,6.5,"花蓮縣政府北方  .9  公里 (位於花蓮縣花蓮市)(花蓮縣花蓮市)"
"小區域有感地震","2018-02-07 05:37:39",121.62,24,3,6.4,"花蓮縣政府北方  .6  公里 (位於花蓮縣花蓮市)(花蓮縣花蓮市)"
"小區域有感地震","2018-02-07 05:27:30",121.67,24.06,3.4,8.2,"花蓮縣政府東北方  9.5  公里 (位於花蓮縣近海)(花蓮縣近海)"
"小區域有感地震","2018-02-07 05:22:06",121.62,24.01,3.3,6.9,"花蓮縣政府北方  2.0  公里 (位於花蓮縣花蓮市)(花蓮縣花蓮市)"
"小區域有感地震","2018-02-07 05:14:16",121.76,24.03,3.6,4.6,"花蓮縣政府東偏北方  14.7  公里 (位於臺灣東部海域)(臺灣東部海域)"
"小區域有感地震","2018-02-07 05:06:38",121.58,23.97,2.7,7.9,"花蓮縣政府西偏南方  4.4  公里 (位於花蓮縣吉安鄉)(花蓮縣吉安鄉)"
"小區域有感地震","2018-02-07 05:05:21",121.69,24.05,3.9,6.5,"花蓮縣政府東北方  9.5  公里 (位於花蓮縣近海)(花蓮縣近海)"
34,"2018-02-07 05:02:50",121.59,23.97,4.3,6.5,"花蓮縣政府西南方  3.7  公里 (位於花蓮縣吉安鄉)(花蓮縣吉安鄉)"
"小區域有感地震","2018-02-07 04:58:02",121.72,24.24,4,13,"花蓮縣政府北偏東方  29.5  公里 (位於花蓮縣近海)(花蓮縣近海)"
33,"2018-02-07 04:56:22",121.68,24.06,4.9,7.2,"花蓮縣政府東北方  9.7  公里 (位於花蓮縣近海)(花蓮縣近海)"
"小區域有感地震","2018-02-07 04:51:24",121.69,24.1,4,8.6,"花蓮縣政府北偏東方  14.1  公里 (位於花蓮縣近海)(花蓮縣近海)"
"小區域有感地震","2018-02-07 04:51:12",121.65,24.04,3.4,9.2,"花蓮縣政府北偏東方  6.6  公里 (位於花蓮縣近海)(花蓮縣近海)"
"小區域有感地震","2018-02-07 04:48:15",121.72,23.98,3.8,6.3,"花蓮縣政府東方  10.6  公里 (位於臺灣東部海域)(臺灣東部海域)"
"小區域有感地震","2018-02-07 04:40:47",121.68,24.1,3.2,9.7,"花蓮縣政府北偏東方  13.4  公里 (位於花蓮縣近海)(花蓮縣近海)"
"小區域有感地震","2018-02-07 04:33:35",121.75,24.01,3.8,6.9,"花蓮縣政府東方  13.1  公里 (位於臺灣東部海域)(臺灣東部海域)"
"小區域有感地震","2018-02-07 04:30:54",121.72,24.11,3.4,11.3,"花蓮縣政府東北方  17.1  公里 (位於花蓮縣近海)(花蓮縣近海)"
"小區域有感地震","2018-02-07 04:28:55",121.6,24.01,2.7,8.1,"花蓮縣政府西北方  2.8  公里 (位於花蓮縣新城鄉)(花蓮縣新城鄉)"
"小區域有感地震","2018-02-07 04:25:09",121.75,24.11,3.9,8.6,"花蓮縣政府東北方  18.8  公里 (位於臺灣東部海域)(臺灣東部海域)"
"小區域有感地震","2018-02-07 04:12:08",121.68,24.08,3.4,8.4,"花蓮縣政府東北方  12.0  公里 (位於花蓮縣近海)(花蓮縣近海)"
"小區域有感地震","2018-02-07 04:02:05",121.7,24.13,3.3,10.8,"花蓮縣政府北偏東方  17.5  公里 (位於花蓮縣近海)(花蓮縣近海)"
"小區域有感地震","2018-02-07 03:57:34",121.7,24.14,3.9,9.9,"花蓮縣政府北偏東方  18.6  公里 (位於花蓮縣近海)(花蓮縣近海)"
"小區域有感地震","2018-02-07 03:51:32",121.74,24.02,3.9,7.4,"花蓮縣政府東偏北方  13.0  公里 (位於臺灣東部海域)(臺灣東部海域)"
"小區域有感地震","2018-02-07 03:37:40",121.58,23.99,3.2,5.2,"花蓮縣政府西方  4.4  公里 (位於花蓮縣吉安鄉)(花蓮縣吉安鄉)"
32,"2018-02-07 03:36:36",121.72,24,4.8,7.1,"花蓮縣政府東方  9.9  公里 (位於花蓮縣近海)(花蓮縣近海)"
"小區域有感地震","2018-02-07 03:33:25",121.61,24,2.6,6.1,"花蓮縣政府北偏西方  1.4  公里 (位於花蓮縣花蓮市)(花蓮縣花蓮市)"
"小區域有感地震","2018-02-07 03:32:36",121.68,24.09,3,9.1,"花蓮縣政府北偏東方  12.3  公里 (位於花蓮縣近海)(花蓮縣近海)"
"小區域有感地震","2018-02-07 03:25:50",121.64,24.05,3,9.1,"花蓮縣政府北偏東方  7.1  公里 (位於花蓮縣近海)(花蓮縣近海)"
"小區域有感地震","2018-02-07 03:17:23",121.6,23.98,4.2,6.7,"花蓮縣政府西偏南方  2.6  公里 (位於花蓮縣花蓮市)(花蓮縣花蓮市)"
"小區域有感地震","2018-02-07 03:16:49",121.67,24.06,4.3,8,"花蓮縣政府東北方  9.4  公里 (位於花蓮縣近海)(花蓮縣近海)"
31,"2018-02-07 03:15:28",121.73,24.01,5.4,5.7,"花蓮縣政府東方  11.1  公里 (位於花蓮縣近海)(花蓮縣近海)"
"小區域有感地震","2018-02-07 03:13:21",121.7,24.11,3.2,9.1,"花蓮縣政府東北方  16.0  公里 (位於花蓮縣近海)(花蓮縣近海)"
"小區域有感地震","2018-02-07 03:10:58",121.6,24.01,3.2,5.5,"花蓮縣政府西北方  3.0  公里 (位於花蓮縣新城鄉)(花蓮縣新城鄉)"
"小區域有感地震","2018-02-07 03:05:40",121.59,23.95,2.3,8.2,"花蓮縣政府西南方  5.3  公里 (位於花蓮縣吉安鄉)(花蓮縣吉安鄉)"
"小區域有感地震","2018-02-07 03:03:12",121.66,24.03,3.9,7,"花蓮縣政府東北方  5.9  公里 (位於花蓮縣近海)(花蓮縣近海)"
"小區域有感地震","2018-02-07 03:01:09",121.68,24.04,4,8.5,"花蓮縣政府東北方  8.1  公里 (位於花蓮縣近海)(花蓮縣近海)"
"小區域有感地震","2018-02-07 02:56:27",121.61,24.02,2.9,7.1,"花蓮縣政府北偏西方  3.3  公里 (位於花蓮縣新城鄉)(花蓮縣新城鄉)"
"小區域有感地震","2018-02-07 02:41:48",121.59,23.99,2.6,7.9,"花蓮縣政府西方  3.5  公里 (位於花蓮縣吉安鄉)(花蓮縣吉安鄉)"
"小區域有感地震","2018-02-07 02:38:13",121.76,24.08,3.7,6.6,"花蓮縣政府東北方  17.5  公里 (位於臺灣東部海域)(臺灣東部海域)"
"小區域有感地震","2018-02-07 02:37:46",121.69,24.09,3.2,8.6,"花蓮縣政府北偏東方  12.9  公里 (位於花蓮縣近海)(花蓮縣近海)"
"小區域有感地震","2018-02-07 02:32:08",121.58,24,2.3,6.9,"花蓮縣政府西方  4.3  公里 (位於花蓮縣花蓮市)(花蓮縣花蓮市)"
"小區域有感地震","2018-02-07 02:29:38",121.62,24.01,3,7.1,"花蓮縣政府北方  2.3  公里 (位於花蓮縣花蓮市)(花蓮縣花蓮市)"
"小區域有感地震","2018-02-07 02:28:25",121.57,24,2.3,4.9,"花蓮縣政府西偏北方  5.0  公里 (位於花蓮縣花蓮市)(花蓮縣花蓮市)"
"小區域有感地震","2018-02-07 02:27:18",121.57,24.01,3.3,6,"花蓮縣政府西偏北方  5.5  公里 (位於花蓮縣秀林鄉)(花蓮縣秀林鄉)"
"小區域有感地震","2018-02-07 02:10:37",121.64,24.02,3.7,7.6,"花蓮縣政府北偏東方  4.1  公里 (位於花蓮縣近海)(花蓮縣近海)"
30,"2018-02-07 02:09:23",121.63,24.03,4.4,8.7,"花蓮縣政府北偏東方  4.5  公里 (位於花蓮縣近海)(花蓮縣近海)"
"小區域有感地震","2018-02-07 02:08:43",121.63,24.03,4,7.4,"花蓮縣政府北方  4.3  公里 (位於花蓮縣近海)(花蓮縣近海)"
29,"2018-02-07 02:07:39",121.71,24.04,5.3,4.2,"花蓮縣政府東偏北方  10.6  公里 (位於花蓮縣近海)(花蓮縣近海)"
"小區域有感地震","2018-02-07 02:06:20",121.67,24.05,3.6,7.6,"花蓮縣政府東北方  8.7  公里 (位於花蓮縣近海)(花蓮縣近海)"
"小區域有感地震","2018-02-07 02:02:55",121.63,24.04,3.5,8,"花蓮縣政府北偏東方  5.8  公里 (位於花蓮縣近海)(花蓮縣近海)"
28,"2018-02-07 02:00:13",121.73,24.12,5.3,6.7,"花蓮縣政府東北方  17.7  公里 (位於花蓮縣近海)(花蓮縣近海)"
"小區域有感地震","2018-02-07 01:56:10",121.66,24.05,3.7,7.3,"花蓮縣政府東北方  7.7  公里 (位於花蓮縣近海)(花蓮縣近海)"
27,"2018-02-07 01:50:51",121.59,23.98,4.3,6.6,"花蓮縣政府西偏南方  3.2  公里 (位於花蓮縣花蓮市)(花蓮縣花蓮市)"
"小區域有感地震","2018-02-07 01:49:04",121.57,24.01,2.2,4.8,"花蓮縣政府西偏北方  5.2  公里 (位於花蓮縣秀林鄉)(花蓮縣秀林鄉)"
"小區域有感地震","2018-02-07 01:45:02",121.64,24.05,3.3,8,"花蓮縣政府北偏東方  6.7  公里 (位於花蓮縣近海)(花蓮縣近海)"
"小區域有感地震","2018-02-07 01:41:46",121.64,24.02,3.1,6.9,"花蓮縣政府北偏東方  3.4  公里 (位於花蓮縣近海)(花蓮縣近海)"
"小區域有感地震","2018-02-07 01:32:21",121.59,23.96,2.7,10,"花蓮縣政府西南方  4.6  公里 (位於花蓮縣吉安鄉)(花蓮縣吉安鄉)"
"小區域有感地震","2018-02-07 01:27:12",121.63,24.01,2.1,7.1,"花蓮縣政府東北方  2.4  公里 (位於花蓮縣花蓮市)(花蓮縣花蓮市)"
"小區域有感地震","2018-02-07 01:23:57",121.71,24.11,4.2,8.1,"花蓮縣政府東北方  16.5  公里 (位於花蓮縣近海)(花蓮縣近海)"
"小區域有感地震","2018-02-07 01:20:40",121.67,24.08,2.7,9.5,"花蓮縣政府北偏東方  11.6  公里 (位於花蓮縣近海)(花蓮縣近海)"
"小區域有感地震","2018-02-07 01:19:25",121.75,24.08,4.1,10.2,"花蓮縣政府東北方  16.4  公里 (位於臺灣東部海域)(臺灣東部海域)"
"小區域有感地震","2018-02-07 01:18:44",121.64,24.05,3.8,20.5,"花蓮縣政府北偏東方  6.5  公里 (位於花蓮縣近海)(花蓮縣近海)"
"小區域有感地震","2018-02-07 01:17:59",121.59,23.97,2.7,7.5,"花蓮縣政府西南方  3.9  公里 (位於花蓮縣吉安鄉)(花蓮縣吉安鄉)"
"小區域有感地震","2018-02-07 01:16:23",121.7,24.1,3,9.3,"花蓮縣政府東北方  13.9  公里 (位於花蓮縣近海)(花蓮縣近海)"
"小區域有感地震","2018-02-07 01:11:02",121.7,24.12,3.5,9.9,"花蓮縣政府北偏東方  16.5  公里 (位於花蓮縣近海)(花蓮縣近海)"
"小區域有感地震","2018-02-07 01:09:30",121.63,24.05,3.4,9.2,"花蓮縣政府北偏東方  6.5  公里 (位於花蓮縣近海)(花蓮縣近海)"
"小區域有感地震","2018-02-07 01:06:15",121.61,24.01,2.8,7.1,"花蓮縣政府西北方  2.5  公里 (位於花蓮縣花蓮市)(花蓮縣花蓮市)"
"小區域有感地震","2018-02-07 01:02:07",121.78,24.21,3.9,8.3,"花蓮縣政府東北方  28.7  公里 (位於臺灣東部海域)(臺灣東部海域)"
"小區域有感地震","2018-02-07 01:01:56",121.57,24.01,2.1,6,"花蓮縣政府西偏北方  5.1  公里 (位於花蓮縣秀林鄉)(花蓮縣秀林鄉)"
"小區域有感地震","2018-02-07 00:57:31",121.6,23.99,2.8,8.7,"花蓮縣政府西方  2.2  公里 (位於花蓮縣花蓮市)(花蓮縣花蓮市)"
"小區域有感地震","2018-02-07 00:57:00",121.66,24.04,3.4,7.7,"花蓮縣政府東北方  6.9  公里 (位於花蓮縣近海)(花蓮縣近海)"
"小區域有感地震","2018-02-07 00:55:28",121.67,24.06,2.6,7.4,"花蓮縣政府東北方  8.8  公里 (位於花蓮縣近海)(花蓮縣近海)"
"小區域有感地震","2018-02-07 00:46:27",121.68,24.09,3.7,9.5,"花蓮縣政府北偏東方  12.9  公里 (位於花蓮縣近海)(花蓮縣近海)"
"小區域有感地震","2018-02-07 00:44:58",121.59,23.99,3.6,5.6,"花蓮縣政府西方  3.0  公里 (位於花蓮縣吉安鄉)(花蓮縣吉安鄉)"
"小區域有感地震","2018-02-07 00:39:58",121.66,24.06,3.2,7.5,"花蓮縣政府北偏東方  8.0  公里 (位於花蓮縣近海)(花蓮縣近海)"
"小區域有感地震","2018-02-07 00:38:24",121.57,24,2.5,5,"花蓮縣政府西方  4.6  公里 (位於花蓮縣花蓮市)(花蓮縣花蓮市)"
"小區域有感地震","2018-02-07 00:38:19",121.59,23.99,2.4,7.9,"花蓮縣政府西方  3.6  公里 (位於花蓮縣吉安鄉)(花蓮縣吉安鄉)"
"小區域有感地震","2018-02-07 00:35:46",121.65,24.04,3.9,6.1,"花蓮縣政府東北方  6.6  公里 (位於花蓮縣近海)(花蓮縣近海)"
"小區域有感地震","2018-02-07 00:34:36",121.64,24.02,3.7,7.1,"花蓮縣政府北偏東方  4.1  公里 (位於花蓮縣近海)(花蓮縣近海)"
"小區域有感地震","2018-02-07 00:32:52",121.56,24.05,3.1,4,"花蓮縣政府西北方  9.2  公里 (位於花蓮縣秀林鄉)(花蓮縣秀林鄉)"
"小區域有感地震","2018-02-07 00:31:08",121.64,24.05,3.2,8.7,"花蓮縣政府北偏東方  6.9  公里 (位於花蓮縣近海)(花蓮縣近海)"
"小區域有感地震","2018-02-07 00:28:34",121.65,24.08,3.2,10.6,"花蓮縣政府北偏東方  9.9  公里 (位於花蓮縣近海)(花蓮縣近海)"
26,"2018-02-07 00:26:45",121.61,23.99,4.3,6.9,"花蓮縣政府西偏北方  1.2  公里 (位於花蓮縣花蓮市)(花蓮縣花蓮市)"
"小區域有感地震","2018-02-07 00:23:24",121.68,24.09,3.1,10,"花蓮縣政府北偏東方  12.5  公里 (位於花蓮縣近海)(花蓮縣近海)"
"小區域有感地震","2018-02-07 00:21:53",121.61,24.03,2.7,6.1,"花蓮縣政府北偏西方  4.3  公里 (位於花蓮縣新城鄉)(花蓮縣新城鄉)"
"小區域有感地震","2018-02-07 00:20:44",121.58,24.02,3,7.7,"花蓮縣政府西北方  5.5  公里 (位於花蓮縣新城鄉)(花蓮縣新城鄉)"
"小區域有感地震","2018-02-07 00:19:34",121.57,24,2.9,4.1,"花蓮縣政府西偏北方  5.5  公里 (位於花蓮縣花蓮市)(花蓮縣花蓮市)"
"小區域有感地震","2018-02-07 00:18:41",121.62,24.01,3.7,6.7,"花蓮縣政府北方  1.7  公里 (位於花蓮縣花蓮市)(花蓮縣花蓮市)"
25,"2018-02-07 00:17:57",121.61,23.99,4.9,5.9,"花蓮縣政府西偏南方  .8  公里 (位於花蓮縣花蓮市)(花蓮縣花蓮市)"
"小區域有感地震","2018-02-07 00:16:31",121.58,23.97,3.4,6.6,"花蓮縣政府西偏南方  4.7  公里 (位於花蓮縣吉安鄉)(花蓮縣吉安鄉)"
24,"2018-02-07 00:13:47",121.61,23.98,3.7,4.2,"花蓮縣政府南偏西方  1.3  公里 (位於花蓮縣花蓮市)(花蓮縣花蓮市)"
"小區域有感地震","2018-02-07 00:11:36",121.58,23.99,2.5,7.7,"花蓮縣政府西方  4.5  公里 (位於花蓮縣吉安鄉)(花蓮縣吉安鄉)"
"小區域有感地震","2018-02-07 00:07:32",121.58,23.97,2.8,6.6,"花蓮縣政府西偏南方  4.9  公里 (位於花蓮縣吉安鄉)(花蓮縣吉安鄉)"
"小區域有感地震","2018-02-07 00:06:30",121.57,24.02,3.3,3.9,"花蓮縣政府西偏北方  6.3  公里 (位於花蓮縣秀林鄉)(花蓮縣秀林鄉)"
"小區域有感地震","2018-02-07 00:04:20",121.59,23.98,3,6.4,"花蓮縣政府西偏南方  3.1  公里 (位於花蓮縣花蓮市)(花蓮縣花蓮市)"
"小區域有感地震","2018-02-07 00:03:42",121.64,24,3.5,6.5,"花蓮縣政府東偏北方  1.7  公里 (位於花蓮縣近海)(花蓮縣近海)"
"小區域有感地震","2018-02-07 00:03:01",121.63,24.04,3.6,7.5,"花蓮縣政府北偏東方  5.4  公里 (位於花蓮縣近海)(花蓮縣近海)"
"小區域有感地震","2018-02-07 00:01:47",121.64,24.02,3.4,6.6,"花蓮縣政府北偏東方  4.1  公里 (位於花蓮縣近海)(花蓮縣近海)"
"小區域有感地震","2018-02-07 00:00:29",121.67,24.08,3.3,9.9,"花蓮縣政府北偏東方  10.9  公里 (位於花蓮縣近海)(花蓮縣近海)"
"小區域有感地震","2018-02-06 23:59:19",121.69,24.1,4.1,8,"花蓮縣政府北偏東方  13.8  公里 (位於花蓮縣近海)(花蓮縣近海)"
"小區域有感地震","2018-02-06 23:58:08",121.64,24.05,3.5,10,"花蓮縣政府北偏東方  6.7  公里 (位於花蓮縣近海)(花蓮縣近海)"
"小區域有感地震","2018-02-06 23:57:50",121.62,24.08,3.4,9.3,"花蓮縣政府北方  9.7  公里 (位於花蓮縣近海)(花蓮縣近海)"
"小區域有感地震","2018-02-06 23:54:52",121.62,24,4.5,6.7,"花蓮縣政府北偏東方  1.1  公里 (位於花蓮縣花蓮市)(花蓮縣花蓮市)"
23,"2018-02-06 23:53:47",121.6,23.96,4.9,5.5,"花蓮縣政府西南方  3.9  公里 (位於花蓮縣吉安鄉)(花蓮縣吉安鄉)"
22,"2018-02-06 23:50:41",121.73,24.1,6.2,6.3,"花蓮縣政府東北方  16.5  公里 (位於臺灣東部海域)(臺灣東部海域)"
"小區域有感地震","2018-02-06 21:36:45",121.69,24.14,4.1,10,"花蓮縣政府北偏東方  18.2  公里 (位於花蓮縣近海)(花蓮縣近海)"
21,"2018-02-06 17:20:01",121.77,24.23,3.5,10.7,"花蓮縣政府北偏東方  30.3  公里 (位於花蓮縣近海)(花蓮縣近海)"
20,"2018-02-06 16:36:48",121.77,24.08,4.5,6.7,"花蓮縣政府東偏北方  18.4  公里 (位於臺灣東部海域)(臺灣東部海域)"
"小區域有感地震","2018-02-06 16:26:38",121.76,24.08,4.2,6.2,"花蓮縣政府東偏北方  17.6  公里 (位於臺灣東部海域)(臺灣東部海域)"
"小區域有感地震","2018-02-06 15:58:55",121.78,24.19,3.2,11.3,"花蓮縣政府東北方  27.5  公里 (位於臺灣東部海域)(臺灣東部海域)"
19,"2018-02-06 15:08:14",121.72,24.17,3.9,10.1,"花蓮縣政府北偏東方  22.7  公里 (位於花蓮縣近海)(花蓮縣近海)"
"小區域有感地震","2018-02-06 15:07:22",121.73,24.17,3.3,10,"花蓮縣政府北偏東方  22.7  公里 (位於花蓮縣近海)(花蓮縣近海)"
"小區域有感地震","2018-02-06 14:27:10",121.73,24.11,4.1,8.3,"花蓮縣政府東北方  17.3  公里 (位於臺灣東部海域)(臺灣東部海域)"
18,"2018-02-06 13:09:14",121.72,24.19,5,10.7,"花蓮縣政府北偏東方  23.8  公里 (位於花蓮縣近海)(花蓮縣近海)"
"小區域有感地震","2018-02-06 12:42:18",121.72,24.11,3.7,8.4,"花蓮縣政府東北方  16.9  公里 (位於花蓮縣近海)(花蓮縣近海)"
"小區域有感地震","2018-02-06 08:35:10",121.71,24.13,4.1,8.4,"花蓮縣政府北偏東方  17.5  公里 (位於花蓮縣近海)(花蓮縣近海)"
"小區域有感地震","2018-02-06 07:40:01",121.78,24.3,3.6,11.4,"花蓮縣政府北偏東方  37.9  公里 (位於花蓮縣近海)(花蓮縣近海)"
"小區域有感地震","2018-02-06 05:12:37",121.64,24.06,3.5,9.4,"花蓮縣政府北偏東方  8.5  公里 (位於花蓮縣近海)(花蓮縣近海)"
"小區域有感地震","2018-02-06 01:37:13",121.81,24.15,4.6,13.2,"花蓮縣政府東北方  26.3  公里 (位於臺灣東部海域)(臺灣東部海域)"
"小區域有感地震","2018-02-06 01:00:17",121.67,24.12,3.3,12.2,"花蓮縣政府北偏東方  15.3  公里 (位於花蓮縣近海)(花蓮縣近海)"
"小區域有感地震","2018-02-06 00:57:57",121.72,24.11,3.4,8.1,"花蓮縣政府東北方  16.4  公里 (位於花蓮縣近海)(花蓮縣近海)"
"小區域有感地震","2018-02-06 00:53:07",121.7,24.11,3.2,9.9,"花蓮縣政府北偏東方  15.9  公里 (位於花蓮縣近海)(花蓮縣近海)"
"小區域有感地震","2018-02-06 00:32:06",121.74,24.11,4.2,8.5,"花蓮縣政府東北方  17.8  公里 (位於臺灣東部海域)(臺灣東部海域)"
17,"2018-02-05 23:58:41",121.74,24.11,5,8.3,"花蓮縣政府東北方  17.3  公里 (位於臺灣東部海域)(臺灣東部海域)"
"小區域有感地震","2018-02-05 23:53:58",121.73,24.12,3.4,7.7,"花蓮縣政府東北方  18.4  公里 (位於花蓮縣近海)(花蓮縣近海)"
"小區域有感地震","2018-02-05 22:34:34",120.35,23.49,2.4,11.2,"嘉義縣政府東偏北方  6.9  公里 (位於嘉義縣太保市)(嘉義縣太保市)"
"小區域有感地震","2018-02-05 21:58:50",121.71,24.25,3,13,"花蓮縣政府北偏東方  30.4  公里 (位於花蓮縣秀林鄉)(花蓮縣秀林鄉)"
"小區域有感地震","2018-02-05 20:59:43",121.69,24.16,3.4,10.9,"花蓮縣政府北偏東方  20.3  公里 (位於花蓮縣近海)(花蓮縣近海)"
"小區域有感地震","2018-02-05 19:40:01",121.75,24.2,3,12.4,"花蓮縣政府北偏東方  27.0  公里 (位於花蓮縣近海)(花蓮縣近海)"
"小區域有感地震","2018-02-05 18:44:14",121.71,24.2,3.8,10,"花蓮縣政府北偏東方  25.0  公里 (位於花蓮縣近海)(花蓮縣近海)"
"小區域有感地震","2018-02-05 17:44:54",121.74,24.1,4.5,8.9,"花蓮縣政府東北方  17.3  公里 (位於臺灣東部海域)(臺灣東部海域)"
"小區域有感地震","2018-02-05 17:06:42",121.78,24.14,4.5,8.1,"花蓮縣政府東北方  23.1  公里 (位於臺灣東部海域)(臺灣東部海域)"
"小區域有感地震","2018-02-05 14:36:51",121.8,24.2,3.3,11.7,"花蓮縣政府東北方  29.1  公里 (位於臺灣東部海域)(臺灣東部海域)"
"小區域有感地震","2018-02-05 14:35:45",121.8,24.2,3.5,12.1,"花蓮縣政府東北方  29.5  公里 (位於臺灣東部海域)(臺灣東部海域)"
"小區域有感地震","2018-02-05 13:38:30",121.8,24.21,3.1,10.9,"花蓮縣政府東北方  30.0  公里 (位於臺灣東部海域)(臺灣東部海域)"
16,"2018-02-05 12:36:53",121.72,24.2,4.2,8.7,"花蓮縣政府北偏東方  25.0  公里 (位於花蓮縣近海)(花蓮縣近海)"
"小區域有感地震","2018-02-05 12:13:14",121.7,24.22,3.3,12.1,"花蓮縣政府北偏東方  26.5  公里 (位於花蓮縣近海)(花蓮縣近海)"
"小區域有感地震","2018-02-05 12:03:40",121.74,24.24,2.9,9.1,"花蓮縣政府北偏東方  30.3  公里 (位於花蓮縣近海)(花蓮縣近海)"
15,"2018-02-05 11:55:05",121.76,24.23,3.5,10.4,"花蓮縣政府北偏東方  29.9  公里 (位於花蓮縣近海)(花蓮縣近海)"
"小區域有感地震","2018-02-05 11:47:20",121.78,24.22,3.4,11.1,"花蓮縣政府東北方  30.7  公里 (位於花蓮縣近海)(花蓮縣近海)"
"小區域有感地震","2018-02-05 11:21:01",121.71,24.12,3.3,8.1,"花蓮縣政府東北方  16.9  公里 (位於花蓮縣近海)(花蓮縣近海)"
"小區域有感地震","2018-02-05 10:58:02",121.79,24.21,3.2,9,"花蓮縣政府東北方  29.8  公里 (位於臺灣東部海域)(臺灣東部海域)"
"小區域有感地震","2018-02-05 10:02:28",121.71,24.2,2.7,9.6,"花蓮縣政府北偏東方  25.2  公里 (位於花蓮縣近海)(花蓮縣近海)"
"小區域有感地震","2018-02-05 09:57:23",121.75,24.2,3.6,11.6,"花蓮縣政府北偏東方  26.9  公里 (位於花蓮縣近海)(花蓮縣近海)"
"小區域有感地震","2018-02-05 09:45:48",120.27,23.18,3,15.8,"臺南市政府北偏東方  22.7  公里 (位於臺南市麻豆區)(臺南市麻豆區)"
"小區域有感地震","2018-02-05 09:02:18",121.68,24.13,3,11,"花蓮縣政府北偏東方  16.8  公里 (位於花蓮縣近海)(花蓮縣近海)"
"小區域有感地震","2018-02-05 08:40:19",121.7,24.11,3.4,9.2,"花蓮縣政府東北方  15.8  公里 (位於花蓮縣近海)(花蓮縣近海)"
"小區域有感地震","2018-02-05 07:44:03",121.75,24.18,3.6,14,"花蓮縣政府東北方  25.0  公里 (位於花蓮縣近海)(花蓮縣近海)"
"小區域有感地震","2018-02-05 04:58:56",121.75,24.24,3.5,10.6,"花蓮縣政府北偏東方  30.2  公里 (位於花蓮縣近海)(花蓮縣近海)"
"小區域有感地震","2018-02-05 03:55:21",121.73,24.17,3.1,11.7,"花蓮縣政府北偏東方  22.8  公里 (位於花蓮縣近海)(花蓮縣近海)"
"小區域有感地震","2018-02-05 03:39:07",121.75,24.17,3.4,11.1,"花蓮縣政府東北方  23.7  公里 (位於花蓮縣近海)(花蓮縣近海)"
"小區域有感地震","2018-02-05 03:05:47",121.7,24.12,3.7,7.7,"花蓮縣政府北偏東方  16.9  公里 (位於花蓮縣近海)(花蓮縣近海)"
"小區域有感地震","2018-02-05 02:44:27",121.71,24.11,3.1,8.6,"花蓮縣政府東北方  16.5  公里 (位於花蓮縣近海)(花蓮縣近海)"
"小區域有感地震","2018-02-05 02:40:03",121.64,24.13,3.7,10.6,"花蓮縣政府北方  16.0  公里 (位於花蓮縣新城鄉)(花蓮縣新城鄉)"
"小區域有感地震","2018-02-05 02:35:46",121.78,24.19,4.2,7.9,"花蓮縣政府東北方  27.4  公里 (位於臺灣東部海域)(臺灣東部海域)"
"小區域有感地震","2018-02-05 02:10:46",121.71,24.12,3.7,8.5,"花蓮縣政府東北方  16.7  公里 (位於花蓮縣近海)(花蓮縣近海)"
"小區域有感地震","2018-02-05 02:10:32",121.72,24.1,3.5,11.7,"花蓮縣政府東北方  15.2  公里 (位於臺灣東部海域)(臺灣東部海域)"
"小區域有感地震","2018-02-05 02:08:54",121.73,24.12,3.6,7.6,"花蓮縣政府東北方  18.8  公里 (位於花蓮縣近海)(花蓮縣近海)"
"小區域有感地震","2018-02-05 01:50:08",121.7,24.13,3.4,8,"花蓮縣政府北偏東方  17.3  公里 (位於花蓮縣近海)(花蓮縣近海)"
"小區域有感地震","2018-02-05 01:47:38",121.73,24.1,3.6,8.6,"花蓮縣政府東北方  16.0  公里 (位於臺灣東部海域)(臺灣東部海域)"
"小區域有感地震","2018-02-05 01:41:01",121.77,24.23,3.5,5.7,"花蓮縣政府北偏東方  30.6  公里 (位於花蓮縣近海)(花蓮縣近海)"
"小區域有感地震","2018-02-05 01:27:26",121.79,24.23,3.8,5.4,"花蓮縣政府東北方  31.8  公里 (位於花蓮縣近海)(花蓮縣近海)"
"小區域有感地震","2018-02-05 01:22:57",121.76,24.19,3.4,3.2,"花蓮縣政府東北方  26.3  公里 (位於臺灣東部海域)(臺灣東部海域)"
"小區域有感地震","2018-02-05 01:06:57",121.7,24.21,3.2,7.5,"花蓮縣政府北偏東方  25.8  公里 (位於花蓮縣近海)(花蓮縣近海)"
14,"2018-02-05 00:54:22",121.8,24.26,4.5,3.8,"花蓮縣政府北偏東方  35.1  公里 (位於花蓮縣近海)(花蓮縣近海)"
"小區域有感地震","2018-02-05 00:54:07",121.72,24.21,3.3,7.5,"花蓮縣政府北偏東方  26.1  公里 (位於花蓮縣近海)(花蓮縣近海)"
"小區域有感地震","2018-02-05 00:53:01",121.7,24.13,3.1,7.6,"花蓮縣政府北偏東方  17.6  公里 (位於花蓮縣近海)(花蓮縣近海)"
"小區域有感地震","2018-02-05 00:52:06",121.72,24.2,2.7,8.3,"花蓮縣政府北偏東方  25.1  公里 (位於花蓮縣近海)(花蓮縣近海)"
"小區域有感地震","2018-02-05 00:46:02",121.73,24.23,3.4,8,"花蓮縣政府北偏東方  29.3  公里 (位於花蓮縣近海)(花蓮縣近海)"
"小區域有感地震","2018-02-05 00:29:05",121.81,24.19,3.1,10.6,"花蓮縣政府東北方  29.4  公里 (位於臺灣東部海域)(臺灣東部海域)"
"小區域有感地震","2018-02-05 00:26:40",121.78,24.24,3.7,3.7,"花蓮縣政府北偏東方  32.2  公里 (位於花蓮縣近海)(花蓮縣近海)"
"小區域有感地震","2018-02-05 00:20:49",121.79,24.21,3.8,3,"花蓮縣政府東北方  29.8  公里 (位於臺灣東部海域)(臺灣東部海域)"
"小區域有感地震","2018-02-05 00:18:41",121.76,24.24,4.1,6.2,"花蓮縣政府北偏東方  31.3  公里 (位於花蓮縣近海)(花蓮縣近海)"
"小區域有感地震","2018-02-05 00:08:03",121.7,24.12,2.8,8.1,"花蓮縣政府北偏東方  16.8  公里 (位於花蓮縣近海)(花蓮縣近海)"
13,"2018-02-04 23:33:47",121.75,24.23,4.6,5.1,"花蓮縣政府北偏東方  28.9  公里 (位於花蓮縣近海)(花蓮縣近海)"
"小區域有感地震","2018-02-04 23:00:39",121.73,24.22,3.4,9.9,"花蓮縣政府北偏東方  27.6  公里 (位於花蓮縣近海)(花蓮縣近海)"
"小區域有感地震","2018-02-04 22:52:39",121.71,24.25,3.4,7.2,"花蓮縣政府北偏東方  30.2  公里 (位於花蓮縣秀林鄉)(花蓮縣秀林鄉)"
"小區域有感地震","2018-02-04 22:50:09",121.77,24.23,3,10,"花蓮縣政府北偏東方  30.6  公里 (位於花蓮縣近海)(花蓮縣近海)"
"小區域有感地震","2018-02-04 22:28:27",121.75,24.23,4,4.6,"花蓮縣政府北偏東方  29.7  公里 (位於花蓮縣近海)(花蓮縣近海)"
"小區域有感地震","2018-02-04 22:27:31",121.75,24.23,3.3,11.5,"花蓮縣政府北偏東方  29.6  公里 (位於花蓮縣近海)(花蓮縣近海)"
"小區域有感地震","2018-02-04 22:23:40",121.78,24.2,3.4,8.6,"花蓮縣政府東北方  28.6  公里 (位於臺灣東部海域)(臺灣東部海域)"
"小區域有感地震","2018-02-04 22:23:12",121.76,24.21,3.2,7.5,"花蓮縣政府北偏東方  28.8  公里 (位於花蓮縣近海)(花蓮縣近海)"
"小區域有感地震","2018-02-04 22:22:35",121.7,24.16,4,2.2,"花蓮縣政府北偏東方  20.6  公里 (位於花蓮縣近海)(花蓮縣近海)"
12,"2018-02-04 22:16:55",121.68,24.18,4.9,3.8,"花蓮縣政府北偏東方  21.5  公里 (位於花蓮縣近海)(花蓮縣近海)"
"小區域有感地震","2018-02-04 22:14:29",121.71,24.14,3.8,12.6,"花蓮縣政府北偏東方  19.1  公里 (位於花蓮縣近海)(花蓮縣近海)"
11,"2018-02-04 22:13:12",121.72,24.15,5.5,10.3,"花蓮縣政府北偏東方  20.2  公里 (位於花蓮縣近海)(花蓮縣近海)"
"小區域有感地震","2018-02-04 22:12:49",121.78,24.23,4.1,10.7,"花蓮縣政府北偏東方  31.4  公里 (位於花蓮縣近海)(花蓮縣近海)"
10,"2018-02-04 22:12:02",121.73,24.23,4.7,4,"花蓮縣政府北偏東方  28.6  公里 (位於花蓮縣近海)(花蓮縣近海)"
9,"2018-02-04 22:10:52",121.69,24.23,4.9,3.7,"花蓮縣政府北偏東方  27.5  公里 (位於花蓮縣秀林鄉)(花蓮縣秀林鄉)"
"小區域有感地震","2018-02-04 22:07:35",121.78,24.2,3.2,11.1,"花蓮縣政府東北方  28.0  公里 (位於臺灣東部海域)(臺灣東部海域)"
"小區域有感地震","2018-02-04 22:05:27",121.77,24.28,4.6,8.2,"花蓮縣政府北偏東方  35.7  公里 (位於花蓮縣近海)(花蓮縣近海)"
"小區域有感地震","2018-02-04 22:02:44",121.7,24.21,3.9,7.3,"花蓮縣政府北偏東方  26.0  公里 (位於花蓮縣近海)(花蓮縣近海)"
"小區域有感地震","2018-02-04 22:01:20",121.78,24.21,3.8,10.9,"花蓮縣政府東北方  29.3  公里 (位於臺灣東部海域)(臺灣東部海域)"
"小區域有感地震","2018-02-04 22:00:58",121.78,24.26,4.3,5.5,"花蓮縣政府北偏東方  34.3  公里 (位於花蓮縣近海)(花蓮縣近海)"
"小區域有感地震","2018-02-04 21:59:30",121.81,24.2,4.1,6.6,"花蓮縣政府東北方  30.2  公里 (位於臺灣東部海域)(臺灣東部海域)"
"小區域有感地震","2018-02-04 21:57:42",121.71,24.17,5.2,10.2,"花蓮縣政府北偏東方  21.9  公里 (位於花蓮縣近海)(花蓮縣近海)"
8,"2018-02-04 21:56:40",121.74,24.15,5.8,10.6,"花蓮縣政府東北方  21.7  公里 (位於花蓮縣近海)(花蓮縣近海)"
7,"2018-02-04 21:33:09",121.68,24.2,4.3,5.5,"花蓮縣政府北偏東方  24.1  公里 (位於花蓮縣近海)(花蓮縣近海)"
6,"2018-02-04 21:12:52",121.7,24.21,5.3,3,"花蓮縣政府北偏東方  25.1  公里 (位於花蓮縣近海)(花蓮縣近海)"
"小區域有感地震","2018-02-04 20:36:26",121.67,24.41,2.9,24.9,"宜蘭縣政府南偏西方  36.9  公里 (位於宜蘭縣南澳鄉)(宜蘭縣南澳鄉)"
"小區域有感地震","2018-02-04 16:40:36",121.18,24.59,3.1,4,"新竹縣政府東南方  31.5  公里 (位於新竹縣五峰鄉)(新竹縣五峰鄉)"
5,"2018-02-04 03:31:52",121.7,24.18,4.3,10.4,"花蓮縣政府北偏東方  22.7  公里 (位於花蓮縣近海)(花蓮縣近海)"
4,"2018-02-04 03:30:57",121.7,24.18,4.7,10.3,"花蓮縣政府北偏東方  22.7  公里 (位於花蓮縣近海)(花蓮縣近海)"
"小區域有感地震","2018-02-03 12:25:36",121.66,24.61,3.2,6.6,"宜蘭縣政府西南方  17.3  公里 (位於宜蘭縣大同鄉)(宜蘭縣大同鄉)"
"小區域有感地震","2018-02-03 03:42:08",119.79,22.68,4,41.2,"臺南市政府西南方  53.4  公里 (位於臺灣西部海域)(臺灣西部海域)"
"小區域有感地震","2018-02-01 09:07:58",120.98,22.97,3.9,6.4,"臺東縣政府西北方  30.0  公里 (位於臺東縣延平鄉)(臺東縣延平鄉)"
